"ctr_id";"sdate";"cab_id";"lh_id";"cab_lh_sts_shr";"vto_pwr_lh";"vto_lh"
1;"1946-11-01";1001;1001;0.57333333333333333333;0.50;0
1;"1947-07-01";1001;1001;0.57333333333333333333;0.50;0
1;"1949-12-10";1001;1002;0.39024390243902439024;0.50;1
1;"1949-12-19";1002;1002;0.60162601626016260162;0.50;0
1;"1950-07-01";1002;1002;0.60162601626016260162;0.50;0
1;"1951-04-28";1002;1003;0.56097560975609756097;0.50;0
1;"1951-05-11";1003;1003;0.56097560975609756097;0.50;0
1;"1953-05-09";1003;1003;0.56097560975609756097;0.50;0
1;"1953-07-01";1003;1003;0.56097560975609756097;0.50;0
1;"1954-05-29";1003;1004;0.52032520325203252032;0.50;0
1;"1954-07-09";1004;1004;0.52032520325203252032;0.50;0
1;"1955-12-10";1004;1005;0.60483870967741935484;0.50;0
1;"1956-01-11";1005;1005;0.60483870967741935484;0.50;0
1;"1956-07-01";1005;1005;0.60483870967741935484;0.50;0
1;"1958-11-22";1005;1006;0.62096774193548387097;0.50;0
1;"1958-12-10";1006;1006;0.62096774193548387097;0.50;0
1;"1959-07-01";1006;1006;0.62096774193548387097;0.50;0
1;"1961-12-09";1006;1007;0.50000000000000000000;0.50;0
1;"1961-12-22";1007;1007;0.50000000000000000000;0.50;0
1;"1962-07-01";1007;1007;0.50000000000000000000;0.50;0
1;"1963-11-30";1007;1008;0.58064516129032258064;0.50;0
1;"1963-12-18";1008;1008;0.58064516129032258064;0.50;0
1;"1965-07-01";1008;1008;0.58064516129032258064;0.50;0
1;"1966-01-26";1009;1008;0.58064516129032258064;0.50;0
1;"1966-11-26";1009;1009;0.66129032258064516129;0.50;0
1;"1966-12-14";1010;1009;0.66129032258064516129;0.50;0
1;"1967-12-19";1011;1009;0.66129032258064516129;0.50;0
1;"1968-01-10";1012;1009;0.66129032258064516129;0.50;0
1;"1968-07-01";1012;1009;0.66129032258064516129;0.50;0
1;"1969-10-25";1012;1010;0.52800000000000000000;0.50;0
1;"1969-11-12";1013;1010;0.52800000000000000000;0.50;0
1;"1970-11-21";1013;1010;0.52800000000000000000;0.50;0
1;"1971-03-10";1014;1010;0.52800000000000000000;0.50;0
1;"1971-07-01";1014;1010;0.52800000000000000000;0.50;0
1;"1972-12-02";1014;1011;0.46400000000000000000;0.50;1
1;"1972-12-19";1015;1011;0.53600000000000000000;0.50;0
1;"1974-05-18";1015;1012;0.51968503937007874016;0.50;0
1;"1974-06-12";1016;1012;0.51968503937007874016;0.50;0
1;"1975-11-11";1017;1012;0.48031496062992125984;0.50;1
1;"1975-12-13";1017;1013;0.53543307086614173228;0.50;0
1;"1975-12-22";1018;1013;0.70866141732283464567;0.50;0
1;"1977-12-10";1018;1014;0.68548387096774193548;0.50;0
1;"1977-12-20";1019;1014;0.68548387096774193548;0.50;0
1;"1978-07-01";1019;1014;0.68548387096774193548;0.50;0
1;"1980-10-18";1019;1015;0.59200000000000000000;0.50;0
1;"1980-11-03";1020;1015;0.59200000000000000000;0.50;0
1;"1981-07-01";1020;1015;0.59200000000000000000;0.50;0
1;"1983-03-05";1020;1016;0.26400000000000000000;0.50;1
1;"1983-03-11";1021;1016;0.60000000000000000000;0.50;0
1;"1984-12-01";1021;1017;0.55405405405405405405;0.50;0
1;"1984-12-13";1022;1017;0.55405405405405405405;0.50;0
1;"1985-07-01";1022;1017;0.55405405405405405405;0.50;0
1;"1987-07-11";1022;1018;0.58108108108108108108;0.50;0
1;"1987-07-24";1023;1018;0.58108108108108108108;0.50;0
1;"1990-03-24";1023;1019;0.52702702702702702703;0.50;0
1;"1990-04-04";1024;1019;0.52702702702702702703;0.50;0
1;"1990-07-01";1024;1019;0.52702702702702702703;0.50;0
1;"1992-01-02";1025;1019;0.52702702702702702703;0.50;0
1;"1993-03-13";1025;1020;0.54421768707482993197;0.50;0
1;"1993-03-24";1026;1020;0.54421768707482993197;0.50;0
1;"1993-07-01";1026;1020;0.54421768707482993197;0.50;0
1;"1996-03-02";1026;1021;0.33108108108108108108;0.50;1
1;"1996-03-11";1027;1021;0.62837837837837837838;0.50;0
1;"1996-07-01";1027;1021;0.62837837837837837838;0.50;0
1;"1998-10-03";1027;1022;0.54054054054054054054;0.50;0
1;"1998-10-21";1028;1022;0.54054054054054054054;0.50;0
1;"1999-07-01";1028;1022;0.54054054054054054054;0.50;0
1;"2001-11-10";1028;1023;0.54000000000000000000;0.50;0
1;"2001-11-26";1029;1023;0.54000000000000000000;0.50;0
1;"2002-07-01";1029;1023;0.54000000000000000000;0.50;0
1;"2004-10-09";1029;1024;0.57333333333333333333;0.50;0
1;"2004-10-26";1030;1024;0.57333333333333333333;0.50;0
1;"2005-07-01";1030;1024;0.57333333333333333333;0.50;0
1;"2007-11-24";1030;1025;0.43333333333333333334;0.50;1
1;"2007-12-03";1031;1025;0.55333333333333333333;0.50;0
1;"2008-07-01";1031;1025;0.55333333333333333333;0.50;0
1;"2010-06-24";1032;1025;0.55333333333333333333;0.50;0
1;"2010-08-21";1032;1026;0.48000000000000000000;0.50;1
1;"2010-09-14";1033;1026;0.48000000000000000000;0.50;1
1;"2011-07-01";1033;1026;0.48000000000000000000;0.50;1
1;"2013-06-27";1034;1026;0.48000000000000000000;0.50;1
1;"2013-09-07";1034;1027;0.36666666666666666667;0.50;1
1;"2013-09-18";1035;1027;0.60000000000000000001;0.50;0
2;"1945-12-20";2001;2001;1.00000000000000000000;0.50;0
2;"1949-10-09";2001;2002;0.90303030303030303031;0.50;0
2;"1949-11-08";2002;2002;0.87272727272727272728;0.50;0
2;"1949-12-01";2002;2002;0.87272727272727272728;0.50;0
2;"1952-10-28";2003;2002;0.87272727272727272728;0.50;0
2;"1953-02-22";2003;2003;0.89090909090909090909;0.50;0
2;"1953-04-01";2003;2003;0.89090909090909090909;0.50;0
2;"1953-04-02";2004;2003;0.89090909090909090909;0.50;0
2;"1954-10-01";2004;2003;0.89090909090909090909;0.50;0
2;"1954-12-01";2004;2003;0.89090909090909090909;0.50;0
2;"1955-11-01";2004;2003;0.89090909090909090909;0.50;0
2;"1956-05-13";2004;2004;0.94545454545454545455;0.50;0
2;"1956-06-29";2005;2004;0.94545454545454545455;0.50;0
2;"1957-03-01";2005;2004;0.94545454545454545455;0.50;0
2;"1959-05-10";2005;2005;0.95151515151515151515;0.50;0
2;"1959-07-16";2006;2005;0.95151515151515151515;0.50;0
2;"1961-04-11";2007;2005;0.95151515151515151515;0.50;0
2;"1962-07-01";2007;2005;0.95151515151515151515;0.50;0
2;"1962-11-18";2007;2006;0.95151515151515151515;0.50;0
2;"1963-03-27";2008;2006;0.95151515151515151515;0.50;0
2;"1964-04-02";2009;2006;0.95151515151515151515;0.50;0
2;"1964-05-01";2009;2006;0.95151515151515151515;0.50;0
2;"1966-03-06";2009;2007;0.96363636363636363637;0.50;0
2;"1966-04-19";2010;2007;0.51515151515151515152;0.50;0
2;"1967-11-01";2010;2007;0.51515151515151515152;0.50;0
2;"1969-11-01";2010;2007;0.51515151515151515152;0.50;0
2;"1970-03-01";2010;2008;0.47878787878787878788;0.50;1
2;"1970-04-21";2011;2008;0.49090909090909090909;0.50;1
2;"1971-10-10";2011;2009;0.50819672131147540984;0.50;0
2;"1971-11-04";2012;2009;0.50819672131147540984;0.50;0
2;"1972-02-01";2012;2009;0.50819672131147540984;0.50;0
2;"1973-11-01";2012;2009;0.50819672131147540984;0.50;0
2;"1975-10-05";2012;2010;0.50819672131147540984;0.50;0
2;"1975-10-28";2013;2010;0.50819672131147540984;0.50;0
2;"1979-05-06";2013;2011;0.51912568306010928962;0.50;0
2;"1979-06-05";2014;2011;0.51912568306010928962;0.50;0
2;"1982-03-01";2014;2011;0.51912568306010928962;0.50;0
2;"1983-03-01";2014;2011;0.51912568306010928962;0.50;0
2;"1983-04-24";2014;2012;0.49180327868852459016;0.50;1
2;"1983-05-24";2015;2012;0.55737704918032786885;0.50;0
2;"1983-11-01";2015;2012;0.55737704918032786885;0.50;0
2;"1986-06-16";2016;2012;0.55737704918032786885;0.50;0
2;"1986-11-23";2016;2013;0.53551912568306010929;0.50;0
2;"1987-01-21";2017;2013;0.85792349726775956284;0.50;0
2;"1987-12-01";2017;2013;0.85792349726775956284;0.50;0
2;"1988-11-01";2017;2013;0.85792349726775956284;0.50;0
2;"1989-04-01";2017;2013;0.85792349726775956284;0.50;0
2;"1989-05-01";2017;2013;0.85792349726775956284;0.50;0
2;"1990-10-07";2017;2014;0.76502732240437158470;0.50;0
2;"1990-12-17";2018;2014;0.76502732240437158470;0.50;0
2;"1991-10-01";2018;2014;0.76502732240437158470;0.50;0
2;"1991-12-01";2018;2014;0.76502732240437158470;0.50;0
2;"1993-03-01";2018;2014;0.76502732240437158470;0.50;0
2;"1994-04-01";2018;2014;0.76502732240437158470;0.50;0
2;"1994-05-01";2018;2014;0.76502732240437158470;0.50;0
2;"1994-10-01";2018;2014;0.76502732240437158470;0.50;0
2;"1994-10-09";2018;2015;0.63934426229508196722;0.50;0
2;"1994-11-29";2019;2015;0.63934426229508196722;0.50;0
2;"1995-01-01";2019;2015;0.63934426229508196722;0.50;0
2;"1995-12-17";2019;2016;0.67759562841530054645;0.50;0
2;"1996-01-01";2019;2016;0.67759562841530054645;0.50;0
2;"1996-01-15";2020;2016;0.67759562841530054645;0.50;0
2;"1996-10-13";2020;2017;0.67213114754098360656;0.50;0
2;"1997-01-28";2021;2017;0.67213114754098360656;0.50;0
2;"1998-04-01";2021;2017;0.67213114754098360656;0.50;0
2;"1999-10-03";2021;2018;0.63934426229508196722;0.50;0
2;"2000-02-04";2022;2018;0.56830601092896174864;0.50;0
2;"2000-11-01";2022;2018;0.56830601092896174864;0.50;0
2;"2001-04-01";2022;2018;0.56830601092896174864;0.50;0
2;"2002-11-24";2022;2019;0.53005464480874316940;0.50;0
2;"2002-12-01";2022;2019;0.53005464480874316940;0.50;0
2;"2003-02-28";2023;2019;0.53005464480874316940;0.50;0
2;"2003-03-01";2023;2019;0.53005464480874316940;0.50;0
2;"2003-09-01";2023;2019;0.53005464480874316940;0.50;0
2;"2004-03-01";2023;2019;0.53005464480874316940;0.50;0
2;"2004-04-01";2023;2019;0.53005464480874316940;0.50;0
2;"2004-10-01";2023;2019;0.53005464480874316940;0.50;0
2;"2005-04-17";2024;2020;0.49726775956284153006;0.50;1
2;"2005-10-01";2024;2020;0.49726775956284153006;0.50;1
2;"2005-11-01";2024;2020;0.49726775956284153006;0.50;1
2;"2006-10-01";2024;2021;0.39890710382513661202;0.50;1
2;"2007-01-11";2025;2021;0.73224043715846994536;0.50;0
2;"2008-05-01";2025;2021;0.73224043715846994536;0.50;0
2;"2008-06-01";2025;2021;0.73224043715846994536;0.50;0
2;"2008-09-28";2025;2022;0.59016393442622950820;0.50;0
2;"2008-12-02";2026;2022;0.59016393442622950820;0.50;0
2;"2009-03-01";2026;2022;0.59016393442622950820;0.50;0
2;"2009-10-01";2026;2022;0.59016393442622950820;0.50;0
2;"2010-10-01";2026;2022;0.59016393442622950820;0.50;0
2;"2010-12-01";2026;2022;0.59016393442622950820;0.50;0
2;"2013-09-29";2026;2023;0.54098360655737704918;0.50;0
2;"2013-12-16";2027;2023;0.54098360655737704918;0.50;0
3;"1946-03-13";3001;3002;0.32673267326732673267;0.50;1
3;"1946-03-31";3002;3002;0.51980198019801980198;0.50;0
3;"1946-08-03";3003;3002;0.51980198019801980198;0.50;0
3;"1947-03-20";3004;3002;0.78217821782178217821;0.50;0
3;"1949-06-26";3004;3003;0.80660377358490566038;0.50;0
3;"1949-08-11";3005;3003;0.63207547169811320755;0.50;0
3;"1950-06-04";3005;3004;0.60377358490566037736;0.50;0
3;"1950-06-08";3006;3004;0.50943396226415094340;0.50;0
3;"1950-08-16";3007;3004;0.50943396226415094340;0.50;0
3;"1952-01-15";3008;3004;0.50943396226415094340;0.50;0
3;"1954-04-11";3008;3005;0.44811320754716981132;0.50;1
3;"1954-04-23";3009;3005;0.50000000000000000000;0.50;0
3;"1958-06-01";3009;3006;0.47169811320754716981;0.50;1
3;"1958-06-26";3010;3006;0.49056603773584905660;0.50;1
3;"1958-11-06";3011;3006;0.49056603773584905660;0.50;1
3;"1961-03-26";3011;3007;0.54716981132075471698;0.50;0
3;"1961-04-25";3012;3007;0.84905660377358490566;0.50;0
3;"1965-05-23";3012;3008;0.66509433962264150943;0.50;0
3;"1965-07-28";3013;3008;0.66509433962264150943;0.50;0
3;"1966-03-19";3014;3008;0.58962264150943396226;0.50;0
3;"1968-03-31";3014;3009;0.22169811320754716981;0.50;1
3;"1968-06-17";3015;3009;0.60377358490566037736;0.50;0
3;"1971-11-07";3015;3010;0.20000000000000000000;0.50;1
3;"1972-01-20";3016;3010;0.52500000000000000000;0.50;0
3;"1973-01-26";3017;3010;0.45500000000000000000;0.50;1
3;"1974-03-10";3017;3011;0.75943396226415094340;0.50;0
3;"1974-04-25";3018;3011;0.33962264150943396227;0.50;1
3;"1974-06-03";3020;3011;0.72169811320754716982;0.50;0
3;"1974-06-12";3019;3011;0.39150943396226415095;0.50;1
3;"1977-04-17";3019;3012;0.47641509433962264150;0.50;1
3;"1978-10-20";3021;3012;0.65094339622641509433;0.50;0
3;"1978-12-17";3021;3013;0.62735849056603773584;0.50;0
3;"1979-04-03";3022;3013;0.70754716981132075471;0.50;0
3;"1980-01-23";3023;3013;0.65566037735849056603;0.50;0
3;"1980-05-18";3024;3013;0.71226415094339622641;0.50;0
3;"1981-04-06";3025;3013;0.65566037735849056603;0.50;0
3;"1981-11-08";3025;3014;0.28773584905660377359;0.50;1
3;"1981-12-17";3026;3014;0.53301886792452830189;0.50;0
3;"1985-10-13";3026;3015;0.54245283018867924528;0.50;0
3;"1985-11-28";3027;3015;0.54245283018867924528;0.50;0
3;"1987-12-13";3027;3016;0.51886792452830188679;0.50;0
3;"1988-06-09";3028;3016;0.70754716981132075471;0.50;0
3;"1991-11-24";3028;3017;0.61320754716981132076;0.50;0
3;"1992-03-07";3029;3017;0.56603773584905660378;0.50;0
3;"1995-05-21";3029;3018;0.54666666666666666666;0.50;0
3;"1995-06-23";3030;3018;0.54666666666666666666;0.50;0
3;"1999-06-13";3030;3019;0.43333333333333333334;0.50;1
3;"1999-07-12";3031;3019;0.62666666666666666666;0.50;0
3;"2003-05-18";3031;3020;0.36000000000000000001;0.50;1
3;"2003-07-12";3032;3020;0.64666666666666666667;0.50;0
3;"2007-06-10";3032;3021;0.49999999999999999999;0.50;0
3;"2007-12-21";3033;3021;0.67333333333333333333;0.50;0
3;"2008-03-20";3034;3021;0.67333333333333333333;0.50;0
3;"2008-12-30";3035;3021;0.67333333333333333333;0.50;0
3;"2009-11-25";3036;3021;0.67333333333333333333;0.50;0
3;"2010-06-13";3036;3022;0.44000000000000000000;0.50;1
3;"2011-12-06";3037;3022;0.64000000000000000000;0.50;0
3;"2014-06-10";3037;3023;0.64666666666666666666;0.50;0
4;"1945-08-29";4001;4002;0.48163265306122448980;0.50;1
4;"1948-11-16";4002;4002;0.48163265306122448980;0.50;1
4;"1949-06-27";4002;4003;0.73003802281368821293;0.50;0
4;"1949-08-25";4003;4003;0.73003802281368821293;0.50;0
4;"1950-01-01";4003;4003;0.73003802281368821293;0.50;0
4;"1951-01-01";4003;4003;0.73003802281368821293;0.50;0
4;"1952-01-01";4003;4003;0.73003802281368821293;0.50;0
4;"1953-01-01";4003;4003;0.73003802281368821293;0.50;0
4;"1953-08-10";4003;4004;0.63773584905660377358;0.50;0
4;"1953-09-17";4004;4004;0.63773584905660377358;0.50;0
4;"1954-01-01";4004;4004;0.63773584905660377358;0.50;0
4;"1955-01-01";4004;4004;0.63773584905660377358;0.50;0
4;"1956-01-01";4004;4004;0.63773584905660377358;0.50;0
4;"1957-01-01";4004;4004;0.63773584905660377358;0.50;0
4;"1957-06-10";4004;4005;0.39245283018867924528;0.50;1
4;"1957-06-21";4005;4005;0.41886792452830188679;0.50;1
4;"1958-01-01";4005;4005;0.41886792452830188679;0.50;1
4;"1958-03-31";4005;4006;0.78490566037735849057;0.50;0
4;"1958-05-12";4006;4006;0.78490566037735849057;0.50;0
4;"1959-01-01";4006;4006;0.78490566037735849057;0.50;0
4;"1960-01-01";4006;4006;0.78490566037735849057;0.50;0
4;"1961-01-01";4006;4006;0.78490566037735849057;0.50;0
4;"1962-01-01";4006;4006;0.78490566037735849057;0.50;0
4;"1962-06-18";4006;4007;0.43773584905660377358;0.50;1
4;"1962-08-09";4007;4007;0.43773584905660377358;0.50;1
4;"1963-01-01";4007;4007;0.43773584905660377358;0.50;1
4;"1963-04-08";4007;4008;0.35849056603773584906;0.50;1
4;"1963-04-22";4008;4008;0.48301886792452830189;0.50;1
4;"1964-01-01";4008;4008;0.48301886792452830189;0.50;1
4;"1965-01-01";4008;4008;0.48301886792452830189;0.50;1
4;"1965-11-08";4008;4009;0.49433962264150943396;0.50;1
4;"1965-12-18";4009;4009;0.49433962264150943396;0.50;1
4;"1966-01-01";4009;4009;0.49433962264150943396;0.50;1
4;"1967-01-01";4009;4009;0.49433962264150943396;0.50;1
4;"1968-01-01";4009;4009;0.49433962264150943396;0.50;1
4;"1968-04-29";4010;4009;0.49433962264150943396;0.50;1
4;"1968-06-25";4010;4010;0.58333333333333333333;0.50;0
4;"1968-07-06";4011;4010;0.58333333333333333333;0.50;0
4;"1969-01-01";4011;4010;0.58333333333333333333;0.50;0
4;"1970-01-01";4011;4010;0.58333333333333333333;0.50;0
4;"1971-01-01";4011;4010;0.58333333333333333333;0.50;0
4;"1972-01-01";4011;4010;0.58333333333333333333;0.50;0
4;"1972-10-30";4011;4011;0.41287878787878787879;0.50;1
4;"1972-11-27";4012;4011;0.41287878787878787879;0.50;1
4;"1973-01-01";4012;4011;0.41287878787878787879;0.50;1
4;"1974-01-01";4012;4011;0.41287878787878787879;0.50;1
4;"1974-07-08";4012;4012;0.53409090909090909091;0.50;0
4;"1974-08-08";4013;4012;0.53409090909090909091;0.50;0
4;"1975-01-01";4013;4012;0.53409090909090909091;0.50;0
4;"1976-01-01";4013;4012;0.53409090909090909091;0.50;0
4;"1977-01-01";4013;4012;0.53409090909090909091;0.50;0
4;"1978-01-01";4013;4012;0.53409090909090909091;0.50;0
4;"1979-01-01";4013;4012;0.53409090909090909091;0.50;0
4;"1979-05-22";4013;4013;0.40425531914893617021;0.50;1
4;"1979-06-04";4014;4013;0.48226950354609929078;0.50;1
4;"1980-01-01";4014;4013;0.48226950354609929078;0.50;1
4;"1980-03-03";4015;4013;0.40425531914893617021;0.50;1
4;"1980-04-14";4015;4014;0.52127659574468085106;0.50;0
4;"1980-06-30";4016;4014;0.52127659574468085106;0.50;0
4;"1981-01-01";4016;4014;0.52127659574468085106;0.50;0
4;"1982-01-01";4016;4014;0.52127659574468085106;0.50;0
4;"1983-01-01";4016;4014;0.52127659574468085106;0.50;0
4;"1984-01-01";4016;4014;0.52127659574468085106;0.50;0
4;"1984-09-17";4017;4014;0.36524822695035460993;0.50;1
4;"1984-11-05";4017;4015;0.74822695035460992908;0.50;0
4;"1985-01-01";4017;4015;0.74822695035460992908;0.50;0
4;"1986-01-01";4017;4015;0.74822695035460992908;0.50;0
4;"1987-01-01";4017;4015;0.74822695035460992908;0.50;0
4;"1988-01-01";4017;4015;0.74822695035460992908;0.50;0
4;"1988-12-08";4018;4015;0.74822695035460992908;0.50;0
4;"1988-12-12";4018;4016;0.57288135593220338983;0.50;0
4;"1989-01-01";4018;4016;0.57288135593220338983;0.50;0
4;"1990-01-01";4018;4016;0.57288135593220338983;0.50;0
4;"1991-01-01";4018;4016;0.57288135593220338983;0.50;0
4;"1992-01-01";4018;4016;0.57288135593220338983;0.50;0
4;"1993-01-01";4018;4016;0.57288135593220338983;0.50;0
4;"1993-06-25";4019;4016;0.57288135593220338983;0.50;0
4;"1993-11-04";4020;4016;0.28135593220338983051;0.50;1
4;"1994-01-01";4020;4016;0.28135593220338983051;0.50;1
4;"1994-01-17";4020;4017;0.60000000000000000000;0.50;0
4;"1995-01-01";4020;4017;0.60000000000000000000;0.50;0
4;"1996-01-01";4020;4017;0.60000000000000000000;0.50;0
4;"1997-01-01";4020;4017;0.60000000000000000000;0.50;0
4;"1997-06-02";4020;4018;0.51495016611295681063;0.50;0
4;"1997-06-11";4021;4018;0.51495016611295681063;0.50;0
4;"1998-01-01";4021;4018;0.51495016611295681063;0.50;0
4;"1999-01-01";4021;4018;0.51495016611295681063;0.50;0
4;"2000-01-01";4021;4018;0.51495016611295681063;0.50;0
4;"2000-11-27";4021;4019;0.57142857142857142857;0.50;0
4;"2001-01-01";4021;4019;0.57142857142857142857;0.50;0
4;"2001-01-09";4022;4019;0.57142857142857142857;0.50;0
4;"2002-01-01";4022;4019;0.57142857142857142857;0.50;0
4;"2003-01-01";4022;4019;0.57142857142857142857;0.50;0
4;"2003-12-12";4023;4019;0.57142857142857142857;0.50;0
4;"2004-01-01";4023;4019;0.57142857142857142857;0.50;0
4;"2004-06-28";4023;4020;0.43831168831168831169;0.50;1
4;"2004-07-20";4024;4020;0.43831168831168831169;0.50;1
4;"2005-01-01";4024;4020;0.43831168831168831169;0.50;1
4;"2006-01-01";4024;4020;0.43831168831168831169;0.50;1
4;"2006-01-23";4024;4021;0.33441558441558441558;0.50;1
4;"2006-02-06";4025;4021;0.40259740259740259740;0.50;1
4;"2008-10-14";4025;4022;0.46428571428571428571;0.50;1
4;"2008-10-30";4026;4022;0.46428571428571428571;0.50;1
4;"2011-05-02";4026;4023;0.53896103896103896104;0.50;0
4;"2011-05-18";4027;4023;0.53896103896103896104;0.50;0
5;"1943-12-15";5001;5001;0.86597938144329896907;0.50;0
5;"1947-10-26";5001;5002;0.85051546391752577320;0.50;0
5;"1947-12-11";5002;5002;0.85051546391752577320;0.50;0
5;"1951-10-28";5002;5003;0.87244897959183673469;0.50;0
5;"1951-12-23";5003;5003;0.87244897959183673469;0.50;0
5;"1955-10-30";5003;5004;0.87755102040816326531;0.50;0
5;"1955-12-15";5004;5004;0.60714285714285714286;0.50;0
5;"1959-10-25";5004;5005;0.61734693877551020408;0.50;0
5;"1959-12-17";5005;5005;0.87755102040816326530;0.50;0
5;"1963-10-27";5005;5006;0.87000000000000000000;0.50;0
5;"1963-12-12";5006;5006;0.87000000000000000000;0.50;0
5;"1967-10-29";5006;5007;0.82500000000000000000;0.50;0
5;"1967-12-14";5007;5007;0.82500000000000000000;0.50;0
5;"1971-10-31";5007;5008;0.81000000000000000000;0.50;0
5;"1971-12-08";5008;5008;0.81000000000000000000;0.50;0
5;"1975-10-26";5008;5009;0.84500000000000000000;0.50;0
5;"1975-12-10";5009;5009;0.84500000000000000000;0.50;0
5;"1979-10-21";5009;5010;0.84500000000000000000;0.50;0
5;"1979-12-05";5010;5010;0.84500000000000000000;0.50;0
5;"1983-10-23";5010;5011;0.83000000000000000000;0.50;0
5;"1983-12-07";5011;5011;0.83000000000000000000;0.50;0
5;"1987-10-18";5011;5012;0.79500000000000000000;0.50;0
5;"1987-12-09";5012;5012;0.79500000000000000000;0.50;0
5;"1991-10-20";5012;5013;0.72500000000000000000;0.50;0
5;"1991-12-04";5013;5013;0.72500000000000000000;0.50;0
5;"1995-10-22";5013;5014;0.81000000000000000000;0.50;0
5;"1995-12-13";5014;5014;0.81000000000000000000;0.50;0
5;"1999-10-24";5014;5015;0.86500000000000000000;0.50;0
5;"1999-12-15";5015;5015;0.86500000000000000000;0.50;0
5;"2003-10-19";5015;5016;0.85500000000000000000;0.50;0
5;"2003-12-10";5016;5016;0.85500000000000000000;0.50;0
5;"2007-10-21";5016;5017;0.83500000000000000000;0.50;0
5;"2007-12-12";5017;5017;0.52500000000000000000;0.50;0
5;"2008-12-10";5018;5018;0.83500000000000000000;0.50;0
5;"2011-10-23";5018;5019;0.83500000000000000000;0.50;0
5;"2011-12-14";5019;5019;0.83500000000000000000;0.50;0
6;"1949-09-20";6001;6001;0.51741293532338308458;0.50;0
6;"1950-02-28";6001;6001;0.51741293532338308458;0.50;0
6;"1950-07-27";6001;6001;0.51741293532338308458;0.50;0
6;"1950-09-05";6001;6001;0.51741293532338308458;0.50;0
6;"1950-09-15";6001;6001;0.51741293532338308458;0.50;0
6;"1950-12-18";6001;6001;0.51741293532338308458;0.50;0
6;"1951-01-10";6001;6001;0.51741293532338308458;0.50;0
6;"1951-01-11";6001;6001;0.51741293532338308458;0.50;0
6;"1951-05-06";6001;6001;0.51741293532338308458;0.50;0
6;"1951-06-13";6001;6001;0.51741293532338308458;0.50;0
6;"1951-07-27";6001;6001;0.51741293532338308458;0.50;0
6;"1951-11-29";6001;6001;0.51741293532338308458;0.50;0
6;"1952-04-25";6001;6001;0.51741293532338308458;0.50;0
6;"1953-07-30";6001;6001;0.51741293532338308458;0.50;0
6;"1953-09-06";6001;6002;0.62833675564681724846;0.50;0
6;"1953-10-20";6002;6002;0.65297741273100616016;0.50;0
6;"1953-12-02";6002;6002;0.65297741273100616016;0.50;0
6;"1954-07-27";6002;6002;0.65297741273100616016;0.50;0
6;"1954-12-14";6002;6002;0.65297741273100616016;0.50;0
6;"1955-01-19";6002;6002;0.65297741273100616016;0.50;0
6;"1955-05-06";6002;6002;0.65297741273100616016;0.50;0
6;"1955-07-23";6003;6002;0.62833675564681724846;0.50;0
6;"1956-02-20";6003;6002;0.62833675564681724846;0.50;0
6;"1956-03-21";6004;6003;0.56262833675564681725;0.50;0
6;"1957-01-01";6004;6003;0.56262833675564681725;0.50;0
6;"1957-09-15";6004;6004;0.57746478873239436620;0.50;0
6;"1957-10-16";6004;6004;0.57746478873239436620;0.50;0
6;"1957-10-29";6005;6004;0.57746478873239436620;0.50;0
6;"1957-11-19";6005;6004;0.57746478873239436620;0.50;0
6;"1957-12-21";6005;6004;0.57746478873239436620;0.50;0
6;"1958-07-21";6005;6004;0.57746478873239436620;0.50;0
6;"1958-10-27";6005;6004;0.57746478873239436620;0.50;0
6;"1959-02-26";6005;6004;0.57746478873239436620;0.50;0
6;"1959-05-12";6005;6004;0.57746478873239436620;0.50;0
6;"1959-12-21";6005;6004;0.57746478873239436620;0.50;0
6;"1960-06-23";6005;6004;0.57746478873239436620;0.50;0
6;"1960-07-01";6006;6005;0.56136820925553319920;0.50;0
6;"1961-01-17";6006;6005;0.56136820925553319920;0.50;0
6;"1961-09-17";6006;6006;0.48496993987975951904;0.50;1
6;"1961-11-14";6007;6006;0.61923847695390781563;0.50;0
6;"1962-07-23";6007;6006;0.61923847695390781563;0.50;0
6;"1962-11-19";6008;6006;0.48496993987975951904;0.50;1
6;"1962-12-11";6008;6006;0.48496993987975951904;0.50;1
6;"1962-12-14";6009;6006;0.61923847695390781563;0.50;0
6;"1963-06-12";6009;6006;0.61923847695390781563;0.50;0
6;"1963-10-16";6010;6006;0.61923847695390781563;0.50;0
6;"1964-06-11";6010;6006;0.61923847695390781563;0.50;0
6;"1965-05-19";6010;6006;0.61923847695390781563;0.50;0
6;"1965-09-19";6010;6007;0.59274193548387096774;0.50;0
6;"1965-10-20";6011;6007;0.59274193548387096774;0.50;0
6;"1966-04-27";6011;6007;0.59274193548387096774;0.50;0
6;"1966-10-28";6012;6007;0.49395161290322580645;0.50;1
6;"1966-12-01";6013;6007;0.90120967741935483871;0.50;0
6;"1966-12-05";6013;6007;0.90120967741935483871;0.50;0
6;"1966-12-08";6013;6007;0.90120967741935483871;0.50;0
6;"1966-12-16";6013;6007;0.90120967741935483871;0.50;0
6;"1967-01-19";6013;6007;0.90120967741935483871;0.50;0
6;"1969-09-28";6013;6008;0.93951612903225806451;0.50;0
6;"1969-10-21";6014;6008;0.51209677419354838709;0.50;0
6;"1970-04-22";6014;6008;0.51209677419354838709;0.50;0
6;"1970-07-08";6014;6008;0.51209677419354838709;0.50;0
6;"1970-07-13";6014;6008;0.51209677419354838709;0.50;0
6;"1970-12-17";6014;6008;0.51209677419354838709;0.50;0
6;"1971-05-18";6014;6008;0.51209677419354838709;0.50;0
6;"1971-05-24";6014;6008;0.51209677419354838709;0.50;0
6;"1971-12-15";6014;6008;0.51209677419354838709;0.50;0
6;"1972-05-17";6014;6009;0.50201612903225806452;0.50;0
6;"1972-06-08";6014;6009;0.50201612903225806452;0.50;0
6;"1972-11-19";6014;6010;0.54637096774193548387;0.50;0
6;"1972-12-14";6015;6010;0.54637096774193548387;0.50;0
6;"1974-05-16";6016;6010;0.54637096774193548387;0.50;0
6;"1974-07-10";6016;6010;0.54637096774193548387;0.50;0
6;"1976-02-06";6016;6010;0.54637096774193548387;0.50;0
6;"1976-10-03";6016;6011;0.51008064516129032258;0.50;0
6;"1976-12-15";6017;6011;0.51008064516129032258;0.50;0
6;"1977-01-19";6017;6011;0.51008064516129032258;0.50;0
6;"1977-03-01";6017;6011;0.51008064516129032258;0.50;0
6;"1978-06-28";6017;6011;0.51008064516129032258;0.50;0
6;"1978-07-14";6017;6011;0.51008064516129032258;0.50;0
6;"1980-06-04";6017;6011;0.51008064516129032258;0.50;0
6;"1980-10-05";6017;6012;0.54527162977867203219;0.50;0
6;"1980-11-05";6018;6012;0.54527162977867203219;0.50;0
6;"1982-09-17";6019;6012;0.43863179074446680080;0.50;1
6;"1982-10-01";6020;6012;0.56136820925553319919;0.50;0
6;"1982-12-01";6020;6012;0.56136820925553319919;0.50;0
6;"1983-03-06";6020;6013;0.55823293172690763053;0.50;0
6;"1983-03-29";6021;6013;0.55823293172690763053;0.50;0
6;"1985-04-09";6021;6013;0.55823293172690763053;0.50;0
6;"1985-12-12";6021;6013;0.55823293172690763053;0.50;0
6;"1986-07-09";6021;6013;0.55823293172690763053;0.50;0
6;"1987-01-25";6021;6014;0.54124748490945674044;0.50;0
6;"1987-03-11";6022;6014;0.54124748490945674044;0.50;0
6;"1987-04-24";6022;6014;0.54124748490945674044;0.50;0
6;"1987-06-18";6022;6014;0.54124748490945674044;0.50;0
6;"1987-09-02";6022;6014;0.54124748490945674044;0.50;0
6;"1988-05-31";6022;6014;0.54124748490945674044;0.50;0
6;"1990-06-21";6022;6014;0.54124748490945674044;0.50;0
6;"1990-06-22";6022;6014;0.54124748490945674044;0.50;0
6;"1990-10-04";6023;6015;0.54600301659125188537;0.50;0
6;"1990-11-09";6023;6015;0.54600301659125188537;0.50;0
6;"1990-12-02";6023;6016;0.60120845921450151057;0.50;0
6;"1991-01-17";6024;6016;0.60120845921450151057;0.50;0
6;"1991-01-24";6024;6016;0.60120845921450151057;0.50;0
6;"1991-04-05";6024;6016;0.60120845921450151057;0.50;0
6;"1991-05-21";6024;6016;0.60120845921450151057;0.50;0
6;"1991-06-26";6024;6016;0.60120845921450151057;0.50;0
6;"1991-12-11";6024;6016;0.60120845921450151057;0.50;0
6;"1992-06-11";6024;6016;0.60120845921450151057;0.50;0
6;"1993-12-15";6024;6016;0.60120845921450151057;0.50;0
6;"1994-06-21";6024;6016;0.60120845921450151057;0.50;0
6;"1994-07-21";6024;6016;0.60120845921450151057;0.50;0
6;"1994-10-11";6024;6016;0.60120845921450151057;0.50;0
6;"1994-10-16";6024;6017;0.50744047619047619048;0.50;0
6;"1994-11-15";6025;6017;0.50744047619047619048;0.50;0
6;"1994-11-30";6025;6017;0.50744047619047619048;0.50;0
6;"1994-12-08";6025;6017;0.50744047619047619048;0.50;0
6;"1995-07-04";6025;6017;0.50744047619047619048;0.50;0
6;"1995-07-06";6025;6017;0.50744047619047619048;0.50;0
6;"1996-01-01";6025;6017;0.50744047619047619048;0.50;0
6;"1996-05-22";6025;6017;0.50744047619047619048;0.50;0
6;"1996-06-12";6025;6017;0.50744047619047619048;0.50;0
6;"1997-11-12";6025;6017;0.50744047619047619048;0.50;0
6;"1998-05-26";6025;6017;0.50744047619047619048;0.50;0
6;"1998-09-27";6025;6018;0.43049327354260089686;0.50;1
6;"1998-10-27";6026;6018;0.51569506726457399103;0.50;0
6;"1998-11-03";6026;6018;0.51569506726457399103;0.50;0
6;"1999-04-07";6026;6018;0.51569506726457399103;0.50;0
6;"1999-09-29";6026;6018;0.51569506726457399103;0.50;0
6;"1999-10-01";6026;6018;0.51569506726457399103;0.50;0
6;"1999-10-13";6026;6018;0.51569506726457399103;0.50;0
6;"2001-06-16";6026;6018;0.51569506726457399103;0.50;0
6;"2001-10-31";6026;6018;0.51569506726457399103;0.50;0
6;"2002-01-17";6026;6018;0.51569506726457399103;0.50;0
6;"2002-05-16";6026;6018;0.51569506726457399103;0.50;0
6;"2002-09-22";6026;6019;0.50746268656716417911;0.50;0
6;"2002-10-22";6027;6019;0.50746268656716417911;0.50;0
6;"2003-03-04";6027;6019;0.50746268656716417911;0.50;0
6;"2003-04-05";6027;6019;0.50746268656716417911;0.50;0
6;"2004-03-17";6027;6019;0.50746268656716417911;0.50;0
6;"2004-11-01";6027;6019;0.50746268656716417911;0.50;0
6;"2005-04-27";6027;6019;0.50746268656716417911;0.50;0
6;"2005-06-22";6027;6019;0.50746268656716417911;0.50;0
6;"2005-09-18";6027;6020;0.44462540716612377850;0.50;1
6;"2005-11-22";6028;6020;0.72964169381107491856;0.50;0
6;"2006-04-24";6028;6020;0.72964169381107491856;0.50;0
6;"2006-05-18";6028;6020;0.72964169381107491856;0.50;0
6;"2006-11-07";6028;6020;0.72964169381107491856;0.50;0
6;"2007-06-29";6028;6020;0.72964169381107491856;0.50;0
6;"2008-05-07";6028;6020;0.72964169381107491856;0.50;0
6;"2008-12-30";6028;6020;0.72964169381107491856;0.50;0
6;"2009-02-05";6028;6020;0.72964169381107491856;0.50;0
6;"2009-09-27";6028;6021;0.61897106109324758843;0.50;0
6;"2009-09-30";6028;6021;0.61897106109324758843;0.50;0
6;"2009-10-28";6029;6021;0.53376205787781350482;0.50;0
6;"2009-11-04";6029;6021;0.53376205787781350482;0.50;0
6;"2009-11-06";6029;6021;0.53376205787781350482;0.50;0
6;"2009-11-10";6029;6021;0.53376205787781350482;0.50;0
6;"2010-07-15";6029;6021;0.53376205787781350482;0.50;0
6;"2010-11-29";6029;6021;0.53376205787781350482;0.50;0
6;"2011-03-07";6029;6021;0.53376205787781350482;0.50;0
6;"2011-05-12";6029;6021;0.53376205787781350482;0.50;0
6;"2011-05-18";6029;6021;0.53376205787781350482;0.50;0
6;"2011-11-24";6029;6021;0.53376205787781350482;0.50;0
6;"2012-05-09";6029;6021;0.53376205787781350482;0.50;0
6;"2012-06-12";6029;6021;0.53376205787781350482;0.50;0
6;"2013-02-19";6029;6021;0.53376205787781350482;0.50;0
6;"2013-09-22";6029;6022;0.49286846275752773375;0.50;1
6;"2013-10-10";6029;6022;0.49286846275752773375;0.50;1
6;"2013-12-17";6030;6022;0.79873217115689381933;0.50;0
7;"1943-08-29";7001;7001;0.93243243243243243244;0.50;0
7;"1945-05-05";7002;7001;0.95270270270270270271;0.50;0
7;"1945-10-30";7002;7002;0.85810810810810810811;0.50;0
7;"1945-11-07";7003;7002;0.25675675675675675676;0.50;1
7;"1947-04-01";7003;7002;0.25675675675675675676;0.50;1
7;"1947-10-28";7003;7003;0.33108108108108108108;0.50;1
7;"1947-11-13";7004;7003;0.38513513513513513514;0.50;1
7;"1950-03-05";7004;7004;0.39597315436241610738;0.50;1
7;"1950-09-16";7005;7004;0.39597315436241610738;0.50;1
7;"1950-10-30";7006;7004;0.39597315436241610739;0.50;1
7;"1951-04-03";7006;7004;0.39597315436241610739;0.50;1
7;"1953-04-21";7006;7005;0.39597315436241610738;0.50;1
7;"1953-05-05";7007;7005;0.39597315436241610738;0.50;1
7;"1953-09-22";7007;7006;0.41142857142857142857;0.50;1
7;"1953-09-30";7008;7006;0.42285714285714285714;0.50;1
7;"1955-02-01";7009;7006;0.42285714285714285714;0.50;1
7;"1957-05-14";7009;7007;0.40000000000000000000;0.50;1
7;"1957-05-28";7010;7007;0.53142857142857142857;0.50;0
7;"1960-02-21";7011;7007;0.53142857142857142857;0.50;0
7;"1960-11-15";7011;7008;0.49714285714285714285;0.50;1
7;"1960-11-18";7012;7008;0.49714285714285714285;0.50;1
7;"1962-09-03";7013;7008;0.49714285714285714285;0.50;1
7;"1964-09-22";7013;7009;0.49142857142857142857;0.50;1
7;"1964-09-29";7014;7009;0.43428571428571428571;0.50;1
7;"1966-11-22";7014;7010;0.39428571428571428571;0.50;1
7;"1966-11-28";7015;7010;0.39428571428571428571;0.50;1
7;"1968-01-23";7015;7011;0.35428571428571428571;0.50;1
7;"1968-02-02";7016;7011;0.55999999999999999999;0.50;0
7;"1971-09-21";7016;7012;0.50285714285714285714;0.50;0
7;"1971-10-11";7017;7012;0.40000000000000000000;0.50;1
7;"1972-10-05";7018;7012;0.40000000000000000000;0.50;1
7;"1973-12-04";7018;7013;0.26285714285714285714;0.50;1
7;"1973-12-19";7019;7013;0.12571428571428571429;0.50;1
7;"1975-01-09";7019;7014;0.24000000000000000000;0.50;1
7;"1975-02-13";7020;7014;0.30285714285714285714;0.50;1
7;"1977-02-15";7020;7015;0.37142857142857142857;0.50;1
7;"1977-02-26";7021;7015;0.37142857142857142857;0.50;1
7;"1978-08-30";7022;7015;0.49142857142857142857;0.50;1
7;"1979-10-23";7022;7016;0.51428571428571428572;0.50;0
7;"1979-10-26";7023;7016;0.38857142857142857143;0.50;1
7;"1981-12-08";7023;7017;0.33714285714285714286;0.50;1
7;"1981-12-30";7024;7017;0.33714285714285714286;0.50;1
7;"1982-09-10";7025;7017;0.37142857142857142857;0.50;1
7;"1984-01-10";7025;7018;0.44000000000000000001;0.50;1
7;"1984-07-23";7026;7018;0.44000000000000000001;0.50;1
7;"1987-09-08";7026;7019;0.40000000000000000000;0.50;1
7;"1987-09-10";7027;7019;0.40000000000000000000;0.50;1
7;"1988-03-03";7028;7019;0.38857142857142857143;0.50;1
7;"1988-05-10";7028;7020;0.38285714285714285715;0.50;1
7;"1990-12-12";7028;7021;0.37714285714285714286;0.50;1
7;"1990-12-18";7029;7021;0.33714285714285714286;0.50;1
7;"1993-01-25";7030;7021;0.50857142857142857142;0.50;0
7;"1994-09-21";7030;7022;0.42857142857142857143;0.50;1
7;"1994-09-27";7031;7022;0.42857142857142857143;0.50;1
7;"1996-12-30";7032;7022;0.40000000000000000000;0.50;1
7;"1998-03-11";7032;7023;0.40000000000000000000;0.50;1
7;"1998-03-23";7033;7023;0.40000000000000000000;0.50;1
7;"2001-11-20";7033;7024;0.34857142857142857143;0.50;1
7;"2001-11-27";7034;7024;0.41142857142857142857;0.50;1
7;"2005-02-08";7034;7025;0.40000000000000000000;0.50;1
7;"2005-02-18";7035;7025;0.40000000000000000000;0.50;1
7;"2007-11-13";7035;7026;0.36571428571428571428;0.50;1
7;"2007-11-23";7036;7026;0.36571428571428571428;0.50;1
7;"2009-04-05";7037;7026;0.36571428571428571428;0.50;1
7;"2011-09-15";7037;7027;0.31428571428571428572;0.50;1
7;"2011-10-03";7038;7027;0.44000000000000000000;0.50;1
7;"2014-02-03";7039;7027;0.34857142857142857143;0.50;1
8;"1977-07-05";8001;8001;0.47428571428571428571;0.50;1
8;"1979-03-01";8001;8002;0.48000000000000000000;0.50;1
8;"1979-04-02";8002;8002;0.48000000000000000000;0.50;1
8;"1981-02-26";8003;8002;0.48000000000000000000;0.50;1
8;"1982-10-28";8003;8003;0.03142857142857142857;0.50;1
8;"1982-12-02";8004;8003;0.57714285714285714286;0.50;0
8;"1986-06-22";8004;8004;0.52571428571428571429;0.50;0
8;"1986-07-23";8005;8004;0.52571428571428571429;0.50;0
8;"1989-10-29";8005;8005;0.50000000000000000000;0.50;0
8;"1989-12-05";8006;8005;0.50000000000000000000;0.50;0
8;"1993-06-06";8006;8006;0.45428571428571428571;0.50;1
8;"1993-07-09";8007;8006;0.45428571428571428571;0.50;1
8;"1996-03-03";8007;8007;0.40285714285714285714;0.50;1
8;"1996-05-04";8008;8007;0.44571428571428571429;0.50;1
8;"2000-03-12";8008;8008;0.52285714285714285714;0.50;0
8;"2000-04-26";8009;8008;0.52285714285714285714;0.50;0
8;"2004-03-14";8009;8009;0.42285714285714285714;0.50;1
8;"2004-04-17";8010;8009;0.46857142857142857143;0.50;1
8;"2008-03-09";8010;8010;0.48285714285714285714;0.50;1
8;"2008-04-11";8011;8010;0.48285714285714285714;0.50;1
8;"2011-11-20";8011;8011;0.31428571428571428571;0.50;1
8;"2011-12-20";8012;8011;0.53142857142857142857;0.50;0
9;"1945-04-17";9001;9001;0.78500000000000000000;0.66;0
9;"1946-03-11";9001;9001;0.78500000000000000000;0.66;0
9;"1946-03-26";9002;9001;0.81000000000000000000;0.66;0
9;"1948-07-02";9002;9002;0.81000000000000000000;0.66;0
9;"1948-07-29";9003;9002;0.27000000000000000000;0.66;1
9;"1950-02-01";9003;9002;0.27000000000000000000;0.66;1
9;"1950-03-17";9004;9002;0.37500000000000000000;0.66;1
9;"1951-01-17";9005;9002;0.64500000000000000000;0.66;1
9;"1951-03-21";9006;9002;0.37500000000000000000;0.66;1
9;"1951-07-03";9006;9003;0.38000000000000000000;0.66;1
9;"1951-09-20";9007;9003;0.64500000000000000000;0.66;1
9;"1953-07-09";9008;9003;0.33000000000000000000;0.66;1
9;"1953-11-17";9009;9003;0.26500000000000000000;0.66;1
9;"1954-03-08";9009;9004;0.25000000000000000000;0.66;1
9;"1954-05-05";9010;9004;0.60000000000000000000;0.66;1
9;"1954-10-20";9011;9004;0.53500000000000000000;0.66;1
9;"1956-03-01";9011;9004;0.53500000000000000000;0.66;1
9;"1956-03-03";9012;9004;0.66500000000000000000;0.66;0
9;"1957-05-27";9013;9004;0.33000000000000000000;0.66;1
9;"1957-07-02";9014;9004;0.39500000000000000000;0.66;1
9;"1957-09-02";9015;9005;0.36000000000000000000;0.66;1
9;"1958-08-29";9018;9006;0.73500000000000000000;0.66;0
9;"1959-01-13";9019;9006;0.24000000000000000000;0.66;1
9;"1961-07-14";9020;9006;0.24000000000000000000;0.66;1
9;"1962-02-01";9020;9006;0.24000000000000000000;0.66;1
9;"1962-02-05";9020;9007;0.26500000000000000000;0.66;1
9;"1962-04-13";9021;9007;0.56000000000000000000;0.66;1
9;"1964-09-12";9023;9007;0.56000000000000000000;0.66;1
9;"1966-03-21";9023;9008;0.48000000000000000000;0.66;1
9;"1966-05-27";9024;9008;0.76000000000000000000;0.66;0
9;"1968-02-01";9024;9008;0.76000000000000000000;0.66;0
9;"1968-03-22";9025;9008;0.82000000000000000000;0.66;0
9;"1970-03-16";9025;9009;0.68000000000000000000;0.66;0
9;"1970-07-15";9027;9009;0.72000000000000000000;0.66;0
9;"1971-03-26";9028;9009;0.54000000000000000000;0.66;1
9;"1971-10-29";9029;9009;0.66000000000000000000;0.66;0
9;"1972-01-03";9029;9010;0.67000000000000000000;0.66;0
9;"1972-02-23";9030;9010;0.27500000000000000000;0.66;1
9;"1975-06-13";9032;9010;0.70500000000000000000;0.66;0
9;"1975-09-22";9032;9011;0.73500000000000000000;0.66;0
9;"1975-11-30";9033;9011;0.76000000000000000000;0.66;0
9;"1976-09-29";9034;9011;0.29000000000000000000;0.66;1
9;"1977-09-04";9035;9011;0.76000000000000000000;0.66;0
9;"1978-03-01";9035;9011;0.76000000000000000000;0.66;0
9;"1978-03-02";9036;9011;0.51000000000000000000;0.66;1
9;"1979-03-19";9036;9012;0.46000000000000000000;0.66;1
9;"1979-05-26";9037;9012;0.66000000000000000000;0.66;0
9;"1981-09-11";9037;9012;0.66000000000000000000;0.66;0
9;"1982-02-19";9038;9012;0.66000000000000000000;0.66;0
9;"1982-03-01";9038;9012;0.66000000000000000000;0.66;0
9;"1982-12-30";9039;9012;0.48500000000000000000;0.66;1
9;"1983-03-21";9039;9013;0.52500000000000000000;0.66;1
9;"1983-05-06";9040;9013;0.61000000000000000000;0.66;1
9;"1987-03-16";9040;9014;0.58500000000000000000;0.66;1
9;"1987-04-30";9041;9014;0.65000000000000000000;0.66;1
9;"1988-03-01";9041;9014;0.65000000000000000000;0.66;1
9;"1990-08-28";9042;9014;0.54500000000000000000;0.66;1
9;"1991-03-17";9042;9015;0.44000000000000000000;0.66;1
9;"1991-04-26";9043;9015;0.57500000000000000000;0.66;1
9;"1994-03-01";9043;9015;0.57500000000000000000;0.50;0
9;"1994-06-20";9044;9015;0.33000000000000000000;0.50;1
9;"1995-03-19";9044;9016;0.27500000000000000000;0.50;1
9;"1995-04-13";9045;9016;0.72000000000000000000;0.50;0
9;"1999-03-21";9045;9017;0.69500000000000000000;0.50;0
9;"1999-04-15";9046;9017;0.69500000000000000000;0.50;0
9;"2000-03-01";9046;9017;0.69500000000000000000;0.50;0
9;"2003-03-16";9046;9018;0.67000000000000000000;0.50;0
9;"2003-04-17";9047;9018;0.58000000000000000000;0.50;0
9;"2003-06-24";9048;9018;0.58000000000000000000;0.50;0
9;"2006-02-01";9048;9018;0.58000000000000000000;0.50;0
9;"2007-03-18";9048;9019;0.52500000000000000000;0.50;0
9;"2007-04-19";9049;9019;0.60000000000000000000;0.50;0
9;"2010-06-22";9050;9019;0.60000000000000000000;0.50;0
9;"2011-04-17";9050;9020;0.48000000000000000000;0.50;1
9;"2011-06-22";9051;9020;0.62500000000000000000;0.50;0
9;"2012-03-01";9051;9020;0.62500000000000000000;0.50;0
10;"1945-08-01";10001;10001;0.61406250000000000000;0.50;0
10;"1950-02-23";10001;10001;0.61406250000000000000;0.50;0
10;"1950-02-28";10002;10001;0.61406250000000000000;0.50;0
10;"1950-03-01";10002;10002;0.50400000000000000000;0.50;0
10;"1951-10-25";10002;10002;0.50400000000000000000;0.50;0
10;"1951-10-26";10003;10002;0.45120000000000000000;0.50;1
10;"1951-10-31";10003;10003;0.48320000000000000000;0.50;1
10;"1955-04-06";10004;10003;0.48320000000000000000;0.50;1
10;"1955-05-26";10004;10003;0.48320000000000000000;0.50;1
10;"1955-05-27";10005;10003;0.48320000000000000000;0.50;1
10;"1955-06-07";10005;10004;0.51428571428571428571;0.50;0
10;"1957-01-10";10006;10004;0.51428571428571428571;0.50;0
10;"1959-10-08";10006;10004;0.51428571428571428571;0.50;0
10;"1959-10-15";10007;10004;0.51428571428571428571;0.50;0
10;"1959-10-20";10007;10005;0.54761904761904761905;0.50;0
10;"1963-10-18";10008;10005;0.54761904761904761905;0.50;0
10;"1964-10-15";10008;10005;0.54761904761904761905;0.50;0
10;"1964-10-16";10009;10005;0.40952380952380952381;0.50;1
10;"1964-10-27";10009;10006;0.50317460317460317460;0.50;0
10;"1966-04-06";10010;10006;0.50317460317460317460;0.50;0
10;"1966-04-18";10010;10007;0.57777777777777777778;0.50;0
10;"1966-05-31";10010;10007;0.57777777777777777778;0.50;0
10;"1970-06-18";10010;10007;0.57777777777777777778;0.50;0
10;"1970-06-19";10011;10007;0.39682539682539682540;0.50;1
10;"1970-06-29";10011;10008;0.52380952380952380952;0.50;0
10;"1974-02-28";10011;10008;0.52380952380952380952;0.50;0
10;"1974-03-04";10012;10008;0.45714285714285714286;0.50;1
10;"1974-05-06";10012;10009;0.47401574803149606299;0.50;1
10;"1974-10-10";10012;10010;0.50236220472440944882;0.50;0
10;"1974-10-18";10013;10010;0.50236220472440944882;0.50;0
10;"1976-04-05";10014;10010;0.50236220472440944882;0.50;0
10;"1979-05-03";10014;10010;0.50236220472440944882;0.50;0
10;"1979-05-04";10015;10010;0.43622047244094488189;0.50;1
10;"1979-05-15";10015;10011;0.53385826771653543307;0.50;0
10;"1983-06-09";10015;10011;0.53385826771653543307;0.50;0
10;"1983-06-12";10016;10011;0.53385826771653543307;0.50;0
10;"1983-06-22";10016;10012;0.61076923076923076923;0.50;0
10;"1987-06-11";10016;10012;0.61076923076923076923;0.50;0
10;"1987-06-13";10017;10012;0.61076923076923076923;0.50;0
10;"1987-06-25";10017;10013;0.57846153846153846154;0.50;0
10;"1990-11-28";10018;10013;0.57846153846153846154;0.50;0
10;"1992-04-09";10018;10013;0.57846153846153846154;0.50;0
10;"1992-04-11";10019;10013;0.57846153846153846154;0.50;0
10;"1992-05-06";10019;10014;0.51612903225806451613;0.50;0
10;"1997-05-01";10019;10014;0.51612903225806451613;0.50;0
10;"1997-05-02";10020;10014;0.41628264208909370200;0.50;1
10;"1997-05-14";10020;10015;0.63429438543247344461;0.50;0
10;"2001-06-07";10020;10015;0.63429438543247344461;0.50;0
10;"2001-06-08";10021;10015;0.63429438543247344461;0.50;0
10;"2001-06-20";10021;10016;0.62518968133535660091;0.50;0
10;"2005-05-05";10021;10016;0.62518968133535660091;0.50;0
10;"2005-05-17";10021;10017;0.54953560371517027864;0.50;0
10;"2005-06-06";10022;10017;0.54953560371517027864;0.50;0
10;"2007-06-27";10023;10017;0.54953560371517027864;0.50;0
10;"2007-07-27";10023;10017;0.54953560371517027864;0.50;0
10;"2010-05-06";10023;10017;0.54953560371517027864;0.50;0
10;"2010-05-11";10024;10017;0.40247678018575851393;0.50;1
10;"2010-05-25";10024;10018;0.55846153846153846154;0.50;0
11;"1974-11-17";11001;11001;0.73333333333333333333;0.50;0
11;"1977-11-20";11001;11002;0.57000000000000000000;0.50;0
11;"1977-11-28";11002;11002;0.57000000000000000000;0.50;0
11;"1980-05-10";11003;11002;0.57000000000000000000;0.50;0
11;"1981-10-18";11003;11003;0.38333333333333333333;0.50;1
11;"1981-10-21";11004;11003;0.57333333333333333333;0.50;0
11;"1985-06-02";11004;11004;0.53666666666666666667;0.50;0
11;"1985-06-05";11005;11004;0.53666666666666666667;0.50;0
11;"1989-06-02";11006;11004;0.42000000000000000000;0.50;1
11;"1989-06-18";11006;11005;0.57666666666666666666;0.50;0
11;"1989-11-23";11008;11006;0.99000000000000000000;0.50;0
11;"1990-04-11";11010;11007;0.50333333333333333333;0.50;0
11;"1993-10-10";11010;11008;0.37000000000000000000;0.50;1
11;"1993-10-13";11011;11008;0.56666666666666666667;0.50;0
11;"1996-01-22";11012;11008;0.56666666666666666667;0.50;0
11;"1996-09-22";11012;11009;0.54000000000000000000;0.50;0
11;"1996-09-25";11013;11009;0.54000000000000000000;0.50;0
11;"2000-04-09";11013;11010;0.52666666666666666667;0.50;0
11;"2000-04-13";11014;11010;0.52666666666666666667;0.50;0
11;"2004-03-07";11014;11011;0.39000000000000000000;0.50;1
11;"2004-03-10";11015;11011;0.55000000000000000000;0.50;0
11;"2007-09-16";11015;11012;0.50666666666666666667;0.50;0
11;"2007-09-19";11016;11012;0.50666666666666666667;0.50;0
11;"2009-10-04";11016;11013;0.30333333333333333333;0.50;1
11;"2009-10-07";11017;11013;0.53333333333333333333;0.50;0
11;"2011-11-11";11018;11013;0.88666666666666666666;0.50;0
11;"2012-05-06";11018;11014;0.49666666666666666667;0.50;1
11;"2012-06-21";11020;11015;0.59666666666666666667;0.50;0
12;"1944-06-09";12002;12001;0.34057971014492753624;0.50;1
12;"1944-08-18";12002;12001;0.34057971014492753624;0.50;1
12;"1948-02-18";12003;12002;0.46258503401360544218;0.50;1
12;"1948-04-21";12003;12002;0.46258503401360544218;0.50;1
12;"1951-06-13";12004;12003;0.43537414965986394558;0.50;1
12;"1951-08-14";12004;12003;0.43537414965986394558;0.50;1
12;"1954-06-02";12005;12004;0.44217687074829931973;0.50;1
12;"1954-07-22";12005;12004;0.44217687074829931973;0.50;1
12;"1957-03-20";12006;12005;0.53061224489795918367;0.50;0
12;"1957-05-22";12006;12005;0.53061224489795918367;0.50;0
12;"1959-06-23";12007;12005;0.53061224489795918367;0.50;0
12;"1961-10-11";12008;12006;0.48611111111111111111;0.50;1
12;"1961-12-14";12008;12006;0.48611111111111111111;0.50;1
12;"1965-04-21";12009;12007;0.50000000000000000000;0.50;0
12;"1965-06-23";12009;12007;0.50000000000000000000;0.50;0
12;"1966-11-10";12010;12007;0.50000000000000000000;0.50;0
12;"1969-06-18";12011;12008;0.47222222222222222222;0.50;1
12;"1969-11-05";12011;12008;0.47222222222222222222;0.50;1
12;"1973-03-14";12012;12009;0.47916666666666666667;0.50;1
12;"1973-06-01";12012;12009;0.47916666666666666667;0.50;1
12;"1977-07-05";12013;12010;0.56756756756756756757;0.50;0
12;"1977-10-27";12013;12010;0.56756756756756756757;0.50;0
12;"1979-12-11";12014;12010;0.40540540540540540540;0.50;1
12;"1981-06-30";12015;12011;0.46987951807228915663;0.50;1
12;"1981-10-08";12015;12011;0.46987951807228915663;0.50;1
12;"1982-03-09";12016;12012;0.46987951807228915663;0.50;1
12;"1982-05-13";12016;12012;0.46987951807228915663;0.50;1
12;"1982-12-14";12017;12013;0.45180722891566265060;0.50;1
12;"1983-02-23";12017;12013;0.45180722891566265060;0.50;1
12;"1987-03-10";12018;12014;0.57228915662650602410;0.50;0
12;"1987-04-25";12018;12014;0.57228915662650602410;0.50;0
12;"1989-07-12";12019;12015;0.50000000000000000000;0.50;0
12;"1989-10-01";12019;12015;0.50000000000000000000;0.50;0
12;"1992-02-11";12020;12015;0.55421686746987951807;0.50;0
12;"1992-12-14";12021;12016;0.49397590361445783133;0.50;1
12;"1993-02-17";12021;12016;0.49397590361445783133;0.50;1
12;"1994-12-15";12022;12016;0.46987951807228915663;0.50;1
12;"1997-06-26";12023;12017;0.48795180722891566265;0.50;1
12;"1997-09-17";12023;12017;0.48795180722891566265;0.50;1
12;"2002-06-06";12024;12018;0.57228915662650602410;0.50;0
12;"2002-09-12";12024;12018;0.57228915662650602410;0.50;0
12;"2007-06-14";12025;12019;0.51515151515151515152;0.50;0
12;"2007-07-23";12025;12019;0.51515151515151515152;0.50;0
12;"2008-05-07";12026;12019;0.50303030303030303031;0.50;0
12;"2011-03-09";12027;12020;0.68484848484848484848;0.50;0
12;"2011-05-25";12027;12020;0.68484848484848484848;0.50;0
12;"2015-01-26";12001;12020;0.11515151515151515152;0.50;1
13;"1942-12-16";13002;13001;0.71153846153846153845;0.50;0
13;"1944-10-21";13003;13001;0.80769230769230769230;0.50;0
13;"1946-06-30";13003;13002;0.80769230769230769230;0.50;0
13;"1947-02-04";13004;13002;0.80769230769230769230;0.50;0
13;"1949-10-23";13004;13003;0.82692307692307692308;0.50;0
13;"1949-12-06";13005;13003;0.69230769230769230770;0.50;0
13;"1950-03-14";13006;13003;0.69230769230769230770;0.50;0
13;"1953-06-28";13006;13004;0.71153846153846153846;0.50;0
13;"1953-09-11";13007;13004;0.42307692307692307693;0.50;1
13;"1956-06-24";13007;13005;0.63461538461538461538;0.50;0
13;"1956-07-24";13008;13005;0.15384615384615384615;0.50;1
13;"1958-12-23";13009;13005;0.15384615384615384615;0.50;1
13;"1959-06-28";13010;13006;0.50000000000000000000;0.50;0
13;"1959-10-25";13010;13007;0.55000000000000000000;0.50;0
13;"1959-11-20";13011;13007;0.55000000000000000000;0.50;0
13;"1963-06-09";13011;13008;0.53333333333333333333;0.50;0
13;"1963-11-14";13012;13008;0.53333333333333333333;0.50;0
13;"1967-06-11";13012;13009;0.53333333333333333333;0.50;0
13;"1967-06-12";13013;13009;0.53333333333333333333;0.50;0
13;"1970-07-10";13014;13009;0.46666666666666666667;0.50;1
13;"1971-06-13";13014;13010;0.53333333333333333333;0.50;0
13;"1971-07-14";13015;13010;0.65000000000000000000;0.50;0
13;"1974-06-30";13015;13011;0.70000000000000000000;0.50;0
13;"1974-08-28";13016;13011;0.54999999999999999999;0.50;0
13;"1978-06-25";13016;13012;0.66666666666666666666;0.50;0
13;"1978-09-01";13017;13012;0.23333333333333333333;0.50;1
13;"1979-10-15";13018;13012;0.76666666666666666666;0.50;0
13;"1979-12-02";13018;13013;0.81666666666666666666;0.50;0
13;"1980-02-08";13019;13013;0.63333333333333333333;0.50;0
13;"1983-04-23";13019;13014;0.61666666666666666666;0.50;0
13;"1983-05-26";13020;13014;0.71666666666666666666;0.50;0
13;"1987-04-25";13020;13015;0.65079365079365079366;0.50;0
13;"1987-07-08";13021;13015;0.49206349206349206350;0.50;1
13;"1988-09-28";13022;13015;0.60317460317460317461;0.50;0
13;"1989-09-10";13023;13015;0.44444444444444444445;0.50;1
13;"1991-04-20";13023;13016;0.57142857142857142857;0.50;0
13;"1991-04-30";13024;13016;0.57142857142857142857;0.50;0
13;"1995-04-08";13024;13017;0.50793650793650793651;0.50;0
13;"1995-04-23";13025;13017;0.63492063492063492064;0.50;0
13;"1999-05-08";13025;13018;0.60317460317460317460;0.50;0
13;"1999-05-28";13026;13018;0.60317460317460317460;0.50;0
13;"2003-05-10";13026;13019;0.53968253968253968254;0.50;0
13;"2003-05-23";13027;13019;0.53968253968253968254;0.50;0
13;"2004-09-15";13028;13019;0.53968253968253968254;0.50;0
13;"2006-06-15";13029;13019;0.66666666666666666667;0.50;0
13;"2007-05-12";13029;13020;0.68253968253968253969;0.50;0
13;"2007-05-24";13030;13020;0.42857142857142857143;0.50;1
13;"2009-02-01";13031;13020;0.42857142857142857143;0.50;1
13;"2009-04-25";13031;13021;0.53968253968253968254;0.50;0
13;"2009-05-10";13032;13021;0.53968253968253968254;0.50;0
13;"2013-05-23";13033;13022;0.60317460317460317460;0.50;0
14;"1945-11-14";14001;14001;0.98039215686274509804;0.00;0
14;"1947-03-01";14002;14001;0.66666666666666666667;0.00;0
14;"1948-06-06";14002;14002;0.60784313725490196079;0.00;0
14;"1948-07-14";14003;14002;0.60784313725490196079;0.00;0
14;"1951-06-03";14003;14003;0.55769230769230769230;0.00;0
14;"1951-07-03";14004;14003;0.76923076923076923077;0.00;0
14;"1953-12-29";14005;14003;0.76923076923076923077;0.00;0
14;"1954-05-30";14005;14004;0.82692307692307692308;0.00;0
14;"1954-06-29";14006;14004;0.82692307692307692308;0.00;0
14;"1958-03-29";14007;14004;0.82692307692307692308;0.00;0
14;"1959-02-01";14007;14005;0.73076923076923076923;0.00;0
14;"1959-03-02";14008;14005;0.61538461538461538461;0.00;0
14;"1964-06-07";14008;14006;0.50000000000000000000;0.00;0
14;"1964-07-15";14009;14006;0.76785714285714285714;0.00;0
14;"1968-12-15";14009;14007;0.69642857142857142857;0.00;0
14;"1969-02-06";14010;14007;0.57142857142857142857;0.00;0
14;"1974-05-26";14010;14008;0.54237288135593220339;0.00;0
14;"1974-06-15";14011;14008;0.52542372881355932203;0.00;0
14;"1979-06-10";14011;14009;0.49152542372881355932;0.00;0
14;"1979-07-16";14012;14009;0.66101694915254237288;0.00;0
14;"1984-06-17";14012;14010;0.60937500000000000000;0.00;0
14;"1984-07-20";14013;14010;0.71875000000000000000;0.00;0
14;"1989-06-18";14013;14011;0.66666666666666666667;0.00;0
14;"1989-07-14";14014;14011;0.66666666666666666667;0.00;0
14;"1994-06-12";14014;14012;0.63333333333333333333;0.00;0
14;"1994-07-13";14015;14012;0.63333333333333333333;0.00;0
14;"1995-01-26";14016;14012;0.63333333333333333333;0.00;0
14;"1999-06-13";14016;14013;0.53333333333333333334;0.00;0
14;"1999-08-07";14017;14013;0.56666666666666666667;0.00;0
14;"2004-06-13";14017;14014;0.56666666666666666667;0.00;0
14;"2004-07-31";14018;14014;0.63333333333333333333;0.00;0
14;"2009-06-07";14018;14015;0.65000000000000000000;0.00;0
14;"2009-07-23";14019;14015;0.65000000000000000000;0.00;0
14;"2013-10-20";14019;14016;0.60000000000000000000;0.00;0
14;"2013-12-04";14020;14016;0.53333333333333333334;0.00;0
15;"1946-07-03";15001;15001;0.61000000000000000000;0.50;0
15;"1948-07-05";15001;15002;0.59000000000000000000;0.50;0
15;"1948-08-07";15002;15002;0.76000000000000000000;0.50;0
15;"1951-03-15";15003;15002;0.76000000000000000000;0.50;0
15;"1952-06-25";15003;15003;0.78000000000000000000;0.50;0
15;"1952-09-02";15004;15003;0.81000000000000000000;0.50;0
15;"1956-06-13";15004;15004;0.84666666666666666667;0.50;0
15;"1956-10-13";15005;15004;0.84666666666666666667;0.50;0
15;"1958-12-22";15006;15004;0.51333333333333333334;0.50;0
15;"1959-03-12";15006;15005;0.50000000000000000000;0.50;0
15;"1959-05-19";15007;15005;0.62666666666666666667;0.50;0
15;"1963-05-15";15007;15006;0.61333333333333333334;0.50;0
15;"1963-07-24";15008;15006;0.61333333333333333334;0.50;0
15;"1965-04-14";15009;15006;0.70666666666666666667;0.50;0
15;"1966-11-22";15010;15006;0.42000000000000000000;0.50;1
15;"1967-02-15";15010;15007;0.38000000000000000000;0.50;1
15;"1967-04-05";15011;15007;0.57333333333333333333;0.50;0
15;"1971-03-28";15011;15008;0.49333333333333333334;0.50;1
15;"1971-04-28";15011;15008;0.49333333333333333334;0.50;1
15;"1971-07-06";15012;15008;0.54666666666666666667;0.50;0
15;"1972-08-17";15013;15008;0.49333333333333333334;0.50;1
15;"1972-11-29";15013;15009;0.46666666666666666667;0.50;1
15;"1973-05-11";15014;15009;0.64666666666666666667;0.50;0
15;"1977-05-25";15014;15010;0.42666666666666666666;0.50;1
15;"1977-12-19";15015;15010;0.51333333333333333334;0.50;0
15;"1981-05-26";15015;15011;0.49333333333333333333;0.50;1
15;"1981-09-11";15016;15011;0.72666666666666666666;0.50;0
15;"1982-05-29";15017;15011;0.43333333333333333333;0.50;1
15;"1982-09-08";15017;15012;0.34000000000000000000;0.50;1
15;"1982-11-04";15018;15012;0.54000000000000000000;0.50;0
15;"1986-05-21";15018;15013;0.54000000000000000000;0.50;0
15;"1986-07-14";15019;15013;0.54000000000000000000;0.50;0
15;"1989-09-06";15019;15014;0.50666666666666666667;0.50;0
15;"1989-11-07";15020;15014;0.68666666666666666667;0.50;0
15;"1994-05-03";15020;15015;0.47333333333333333334;0.50;1
15;"1994-08-22";15021;15015;0.61333333333333333334;0.50;0
15;"1998-05-06";15021;15016;0.64666666666666666666;0.50;0
15;"1998-08-03";15022;15016;0.64666666666666666666;0.50;0
15;"2002-05-15";15022;15017;0.36000000000000000000;0.50;1
15;"2002-07-22";15023;15017;0.47333333333333333333;0.50;1
15;"2003-01-22";15023;15018;0.35999999999999999999;0.50;1
15;"2003-05-27";15024;15018;0.52000000000000000000;0.50;0
15;"2006-07-07";15025;15018;0.48000000000000000000;0.50;1
15;"2006-11-22";15025;15019;0.42000000000000000000;0.50;1
15;"2007-02-22";15026;15019;0.53333333333333333333;0.50;0
15;"2010-06-09";15026;15020;0.37333333333333333333;0.50;1
15;"2010-10-14";15027;15020;0.34666666666666666667;0.50;1
15;"2012-09-12";15027;15021;0.36000000000000000000;0.50;1
15;"2012-11-05";15028;15021;0.52666666666666666666;0.50;0
16;"1945-11-05";16001;16001;0.50666666666666666667;0.50;0
16;"1949-10-09";16002;16001;0.50666666666666666667;0.50;0
16;"1949-10-10";16002;16002;0.56666666666666666667;0.50;0
16;"1951-11-16";16003;16002;0.56666666666666666667;0.50;0
16;"1953-10-12";16004;16003;0.51333333333333333333;0.50;0
16;"1955-01-22";16005;16003;0.51333333333333333333;0.50;0
16;"1957-10-07";16006;16004;0.52000000000000000000;0.50;0
16;"1961-09-11";16007;16005;0.49333333333333333333;0.50;1
16;"1963-08-28";16008;16005;0.49333333333333333333;0.50;1
16;"1963-09-25";16009;16005;0.49333333333333333333;0.50;1
16;"1965-09-12";16009;16006;0.45333333333333333333;0.50;1
16;"1965-10-12";16010;16006;0.53333333333333333334;0.50;0
16;"1969-09-07";16011;16007;0.50666666666666666666;0.50;0
16;"1971-03-17";16012;16007;0.49333333333333333333;0.50;1
16;"1972-10-18";16013;16007;0.31333333333333333333;0.50;1
16;"1973-09-09";16013;16008;0.27741935483870967741;0.50;1
16;"1973-10-16";16014;16008;0.40000000000000000000;0.50;1
16;"1976-01-15";16015;16008;0.40000000000000000000;0.50;1
16;"1977-09-11";16016;16009;0.49032258064516129032;0.50;1
16;"1981-02-04";16017;16009;0.49032258064516129032;0.50;1
16;"1981-09-14";16017;16010;0.42580645161290322581;0.50;1
16;"1981-10-14";16018;16010;0.34193548387096774194;0.50;1
16;"1983-06-08";16019;16010;0.50967741935483870968;0.50;0
16;"1985-09-08";16019;16011;0.49681528662420382165;0.50;1
16;"1985-11-26";16020;16011;0.49681528662420382165;0.50;1
16;"1986-05-09";16021;16011;0.45222929936305732484;0.50;1
16;"1989-09-11";16021;16012;0.38181818181818181818;0.50;1
16;"1989-10-16";16022;16012;0.37575757575757575757;0.50;1
16;"1990-11-03";16023;16012;0.38181818181818181818;0.50;1
16;"1993-09-13";16024;16013;0.40606060606060606061;0.50;1
16;"1996-10-25";16025;16013;0.40606060606060606061;0.50;1
16;"1997-09-16";16025;16014;0.39393939393939393939;0.50;1
16;"1997-10-17";16026;16014;0.25454545454545454546;0.50;1
16;"2000-03-17";16027;16014;0.39393939393939393939;0.50;1
16;"2001-09-10";16027;16015;0.26060606060606060606;0.50;1
16;"2001-10-19";16028;16015;0.37575757575757575757;0.50;1
16;"2005-09-12";16028;16016;0.26035502958579881656;0.50;1
16;"2005-10-17";16029;16016;0.51479289940828402366;0.50;0
16;"2009-09-24";16029;16017;0.50887573964497041420;0.50;0
16;"2009-10-20";16030;16017;0.50887573964497041420;0.50;0
16;"2013-09-09";16030;16018;0.42603550295857988165;0.50;1
16;"2013-10-16";16031;16018;0.45562130177514792900;0.50;1
17;"1976-07-23";17001;17002;0.40684410646387832700;0.50;1
17;"1978-01-23";17002;17002;0.56653992395437262358;0.50;0
17;"1980-01-03";17006;17003;0.51200000000000000000;0.50;0
17;"1980-11-13";17006;17004;0.53600000000000000000;0.50;0
17;"1981-01-09";17007;17004;0.53600000000000000000;0.50;0
17;"1981-03-09";17007;17004;0.53600000000000000000;0.50;0
17;"1983-05-31";17007;17005;0.30000000000000000000;0.50;1
17;"1983-06-09";17008;17005;0.70400000000000000000;0.50;0
17;"1985-11-06";17009;17005;0.30000000000000000000;0.50;1
17;"1986-03-09";17009;17005;0.30000000000000000000;0.50;1
17;"1987-08-17";17010;17005;0.30000000000000000000;0.50;1
17;"1987-08-25";17010;17007;0.59200000000000000000;0.50;0
17;"1991-03-09";17010;17007;0.59200000000000000000;0.50;0
17;"1991-04-11";17010;17008;0.58695652173913043478;0.50;0
17;"1991-10-31";17011;17008;0.58695652173913043478;0.50;0
17;"1995-10-27";17011;17009;0.38260869565217391304;0.50;1
17;"1995-10-28";17012;17009;0.48695652173913043478;0.50;1
17;"1996-03-09";17012;17009;0.48695652173913043478;0.50;1
17;"1999-10-25";17013;17010;0.50000000000000000000;0.50;0
17;"2001-03-09";17013;17010;0.50000000000000000000;0.50;0
17;"2002-04-05";17013;17011;0.41739130434782608696;0.50;1
17;"2002-04-06";17014;17011;0.51739130434782608696;0.50;0
17;"2004-01-04";17014;17006;0.44000000000000000000;0.50;1
17;"2004-07-17";17015;17006;0.44000000000000000000;0.50;1
17;"2005-03-10";17015;17012;0.37826086956521739130;0.50;1
17;"2005-03-12";17016;17012;0.52608695652173913043;0.50;0
17;"2006-03-09";17016;17012;0.52608695652173913043;0.50;0
17;"2009-10-15";17016;17013;0.42173913043478260870;0.50;1
17;"2009-10-26";17017;17013;0.42173913043478260870;0.50;1
17;"2011-03-09";17017;17013;0.42173913043478260870;0.50;1
17;"2011-06-20";17017;17014;0.32173913043478260870;0.50;1
17;"2011-06-21";17018;17014;0.57391304347826086957;0.50;0
18;"1945-07-31";18001;18001;0.50000000000000000000;0.50;0
18;"1946-10-11";18002;18001;0.50000000000000000000;0.50;0
18;"1948-09-19";18002;18002;0.48695652173913043478;0.50;1
18;"1948-10-28";18003;18002;0.48695652173913043478;0.50;1
18;"1951-10-01";18004;18002;0.61739130434782608695;0.50;0
18;"1952-09-21";18005;18003;0.59130434782608695652;0.50;0
18;"1956-09-16";18005;18004;0.54112554112554112554;0.50;0
18;"1956-09-26";18006;18004;0.54112554112554112554;0.50;0
18;"1957-10-31";18007;18004;0.45887445887445887446;0.50;1
18;"1958-06-01";18007;18005;0.48051948051948051948;0.50;1
18;"1958-06-02";18008;18005;0.48051948051948051948;0.50;1
18;"1960-09-18";18008;18006;0.49137931034482758621;0.50;1
18;"1960-10-01";18009;18006;0.49137931034482758621;0.50;1
18;"1964-09-20";18009;18007;0.48497854077253218884;0.50;1
18;"1964-10-04";18010;18007;0.48497854077253218884;0.50;1
18;"1968-09-15";18010;18008;0.53648068669527896996;0.50;0
18;"1968-09-29";18011;18008;0.53648068669527896996;0.50;0
18;"1969-10-15";18012;18008;0.53648068669527896996;0.50;0
18;"1970-09-20";18012;18009;0.46571428571428571429;0.50;1
18;"1970-09-29";18013;18009;0.46571428571428571429;0.50;1
18;"1973-09-16";18013;18010;0.44571428571428571429;0.50;1
18;"1973-10-31";18014;18010;0.44571428571428571429;0.50;1
18;"1976-10-04";18014;18011;0.43553008595988538682;0.50;1
18;"1976-10-08";18015;18011;0.51575931232091690544;0.50;0
18;"1978-10-18";18016;18011;0.11174785100286532951;0.50;1
18;"1979-10-01";18016;18012;0.10888252148997134670;0.50;1
18;"1979-10-12";18017;18012;0.50143266475644699140;0.50;0
18;"1981-05-22";18018;18012;0.29226361031518624641;0.50;1
18;"1982-10-04";18018;18013;0.22063037249283667622;0.50;1
18;"1982-10-08";18019;18013;0.47564469914040114613;0.50;1
18;"1985-09-30";18019;18014;0.45558739255014326648;0.50;1
18;"1985-10-08";18020;18014;0.45558739255014326648;0.50;1
18;"1986-03-12";18021;18014;0.45558739255014326648;0.50;1
18;"1988-10-03";18021;18015;0.44699140401146131805;0.50;1
18;"1988-10-04";18022;18015;0.44699140401146131805;0.50;1
18;"1991-09-30";18022;18016;0.39541547277936962751;0.50;1
18;"1991-10-04";18023;18016;0.48710601719197707736;0.50;1
18;"1994-10-03";18023;18017;0.42406876790830945559;0.50;1
18;"1994-10-07";18024;18017;0.46131805157593123209;0.50;1
18;"1996-03-22";18025;18017;0.46131805157593123209;0.50;1
18;"1998-10-05";18025;18018;0.37535816618911174785;0.50;1
18;"1998-10-06";18026;18018;0.37535816618911174785;0.50;1
18;"2002-09-30";18026;18019;0.41260744985673352436;0.50;1
18;"2002-10-21";18027;18019;0.41260744985673352436;0.50;1
18;"2006-10-02";18027;18020;0.37249283667621776504;0.50;1
18;"2006-10-06";18028;18020;0.51002865329512893982;0.50;0
18;"2010-09-19";18029;18020;0.51002865329512893982;0.50;0
18;"2010-10-04";18029;18021;0.49570200573065902578;0.50;1
19;"1945-01-20";19001;19001;0.55862068965517241379;0.50;0
19;"1945-04-12";19002;19001;0.55862068965517241379;0.50;0
19;"1946-11-05";19002;19002;0.43218390804597701149;0.50;1
19;"1948-11-02";19002;19003;0.60459770114942528736;0.50;0
19;"1949-01-20";19003;19003;0.60459770114942528736;0.50;0
19;"1950-11-07";19003;19004;0.54022988505747126437;0.50;0
19;"1952-11-04";19003;19005;0.48965517241379310345;0.50;1
19;"1953-01-20";19004;19005;0.50804597701149425287;0.50;0
19;"1954-11-02";19004;19006;0.46666666666666666667;0.50;1
19;"1956-11-06";19004;19007;0.46206896551724137931;0.50;1
19;"1957-01-20";19005;19007;0.46206896551724137931;0.50;1
19;"1958-11-04";19005;19008;0.35091743119266055046;0.50;1
19;"1960-11-08";19005;19009;0.40045766590389016018;0.50;1
19;"1961-01-20";19006;19009;0.59954233409610983982;0.50;0
19;"1962-11-06";19006;19010;0.59310344827586206897;0.50;0
19;"1963-11-22";19007;19010;0.59310344827586206897;0.50;0
19;"1964-11-03";19007;19011;0.67816091954022988506;0.50;0
19;"1965-01-20";19008;19011;0.67816091954022988506;0.50;0
19;"1966-11-08";19008;19012;0.57011494252873563218;0.50;0
19;"1968-11-05";19008;19013;0.55862068965517241379;0.50;0
19;"1969-01-20";19009;19013;0.44137931034482758621;0.50;1
19;"1970-11-03";19009;19014;0.41379310344827586207;0.50;1
19;"1972-11-07";19009;19015;0.44137931034482758621;0.50;1
19;"1973-01-20";19010;19015;0.44137931034482758621;0.50;1
19;"1974-08-09";19011;19015;0.44137931034482758621;0.50;1
19;"1974-11-04";19011;19016;0.33103448275862068966;0.50;1
19;"1976-11-02";19011;19017;0.32873563218390804598;0.50;1
19;"1977-01-20";19012;19017;0.67126436781609195402;0.50;0
19;"1978-11-07";19012;19018;0.63678160919540229885;0.50;0
19;"1980-11-04";19012;19019;0.55632183908045977011;0.50;0
19;"1981-01-20";19013;19019;0.44137931034482758621;0.50;1
19;"1982-11-02";19013;19020;0.38160919540229885057;0.50;1
19;"1984-11-06";19013;19021;0.41839080459770114943;0.50;1
19;"1985-01-20";19014;19021;0.41839080459770114943;0.50;1
19;"1985-01-21";19014;19021;0.41839080459770114943;0.50;1
19;"1986-11-04";19014;19022;0.40689655172413793103;0.50;1
19;"1988-11-08";19014;19023;0.40229885057471264368;0.50;1
19;"1989-01-20";19015;19023;0.40229885057471264368;0.50;1
19;"1990-11-06";19015;19024;0.38390804597701149425;0.50;1
19;"1992-11-03";19015;19025;0.40459770114942528736;0.50;1
19;"1993-01-20";19016;19025;0.59310344827586206897;0.50;0
19;"1994-11-08";19016;19026;0.46896551724137931034;0.50;1
19;"1996-11-05";19016;19027;0.47356321839080459770;0.50;1
19;"1997-01-20";19017;19027;0.47356321839080459770;0.50;1
19;"1998-11-03";19017;19028;0.48505747126436781609;0.50;1
19;"2000-11-07";19017;19029;0.48735632183908045977;0.50;1
19;"2001-01-20";19018;19029;0.50804597701149425287;0.50;0
19;"2002-11-05";19018;19030;0.52643678160919540230;0.50;0
19;"2004-11-02";19018;19031;0.53333333333333333333;0.50;0
19;"2005-01-20";19019;19031;0.53333333333333333333;0.50;0
19;"2006-11-07";19019;19032;0.46436781609195402299;0.50;1
19;"2008-11-04";19019;19033;0.40919540229885057471;0.50;1
19;"2009-01-20";19020;19033;0.58850574712643678161;0.50;0
19;"2010-11-02";19020;19034;0.44367816091954022989;0.50;1
19;"2012-11-06";19020;19035;0.45977011494252873563;0.50;1
19;"2013-01-20";19021;19035;0.45977011494252873563;0.50;1
20;"1949-03-10";20001;20001;0.47500000000000000000;0.50;1
20;"1951-02-14";20002;20001;0.53333333333333333333;0.50;0
20;"1951-07-30";20002;20002;0.54166666666666666667;0.50;0
20;"1952-12-24";20003;20002;0.70000000000000000000;0.50;0
20;"1954-01-26";20004;20003;0.72500000000000000000;0.50;0
20;"1955-06-29";20005;20004;0.50000000000000000000;0.50;0
20;"1955-07-26";20005;20005;0.37500000000000000000;0.50;1
20;"1955-11-03";20006;20005;0.65000000000000000000;0.50;0
20;"1958-01-07";20007;20005;0.55833333333333333333;0.50;0
20;"1959-07-05";20008;20005;0.53333333333333333333;0.50;0
20;"1959-11-03";20008;20006;0.57500000000000000000;0.50;0
20;"1959-12-17";20009;20006;0.71666666666666666667;0.50;0
20;"1961-08-15";20009;20007;0.62500000000000000001;0.50;0
20;"1961-11-02";20010;20007;0.56666666666666666668;0.50;0
20;"1963-06-26";20011;20007;0.56666666666666666668;0.50;0
20;"1965-11-01";20011;20008;0.14166666666666666668;0.50;1
20;"1966-01-12";20012;20008;0.62500000000000000002;0.50;0
20;"1967-06-01";20013;20008;0.92500000000000000002;0.50;0
20;"1968-01-23";20014;20009;0.87500000000000000002;0.50;0
20;"1968-01-28";20014;20010;0.35833333333333333335;0.50;1
20;"1969-01-28";20015;20010;0.91666666666666666669;0.50;0
20;"1969-03-17";20016;20010;0.90000000000000000002;0.50;0
20;"1969-10-28";20016;20011;0.85000000000000000001;0.50;0
20;"1969-12-15";20017;20011;0.85000000000000000001;0.50;0
20;"1970-08-04";20018;20011;0.63333333333333333334;0.50;0
20;"1973-12-31";20018;20012;0.55833333333333333333;0.50;0
20;"1974-03-10";20019;20012;0.54166666666666666666;0.50;0
20;"1974-06-03";20020;20012;0.50833333333333333333;0.50;0
20;"1974-10-29";20021;20012;0.56666666666666666666;0.50;0
20;"1976-12-21";20022;20012;0.48333333333333333333;0.50;1
20;"1977-05-17";20022;20013;0.27500000000000000000;0.50;1
20;"1977-06-20";20023;20013;0.50833333333333333333;0.50;0
20;"1977-10-24";20024;20013;0.63333333333333333333;0.50;0
20;"1981-06-30";20024;20014;0.48333333333333333333;0.50;1
20;"1981-08-05";20025;20014;0.52500000000000000000;0.50;0
20;"1981-08-05";20026;20014;0.55000000000000000000;0.50;0
20;"1983-10-10";20027;20014;0.55000000000000000000;0.50;0
20;"1984-06-23";20028;20015;0.40000000000000000000;0.50;1
20;"1984-09-13";20029;20016;0.82500000000000000000;0.50;0
20;"1986-10-20";20030;20016;0.80833333333333333333;0.50;0
20;"1987-05-26";20031;20016;0.78333333333333333333;0.50;0
20;"1988-11-01";20031;20017;0.45833333333333333334;0.50;1
20;"1988-12-22";20032;20017;0.80833333333333333334;0.50;0
20;"1990-06-11";20033;20018;0.50000000000000000002;0.50;0
20;"1990-11-16";20033;20019;0.50000000000000000001;0.50;0
20;"1991-02-03";20034;20020;0.52500000000000000001;0.50;0
20;"1992-01-22";20035;20020;0.48333333333333333334;0.50;1
20;"1992-06-23";20035;20021;0.36666666666666666667;0.50;1
20;"1992-07-13";20036;20021;0.51666666666666666667;0.50;0
20;"1993-09-15";20037;20021;0.46666666666666666667;0.50;1
20;"1995-01-09";20038;20022;0.49166666666666666667;0.50;1
20;"1995-11-22";20039;20022;0.49166666666666666667;0.50;1
20;"1996-05-29";20039;20023;0.35833333333333333333;0.50;1
20;"1996-06-18";20040;20023;0.54999999999999999999;0.50;0
20;"1999-05-17";20040;20024;0.27500000000000000001;0.50;1
20;"1999-07-06";20041;20024;0.58333333333333333334;0.50;0
20;"1999-08-27";20042;20024;0.58333333333333333334;0.50;0
20;"2000-06-24";20043;20024;0.50000000000000000001;0.50;0
20;"2000-07-12";20044;20024;0.26666666666666666667;0.50;1
20;"2001-03-07";20045;20025;0.63333333333333333333;0.50;0
20;"2001-04-01";20046;20025;0.67500000000000000000;0.50;0
20;"2001-08-29";20047;20025;0.72500000000000000000;0.50;0
20;"2002-03-08";20048;20025;0.76666666666666666667;0.50;0
20;"2002-03-14";20049;20025;0.69166666666666666667;0.50;0
20;"2002-11-02";20050;20025;0.39166666666666666667;0.50;1
20;"2003-01-28";20050;20026;0.55000000000000000001;0.50;0
20;"2003-02-28";20051;20026;0.56666666666666666667;0.50;0
20;"2004-06-06";20052;20027;0.50833333333333333333;0.50;0
20;"2004-11-11";20053;20027;0.45833333333333333333;0.50;1
20;"2004-12-04";20054;20027;0.33333333333333333333;0.50;1
20;"2005-01-10";20055;20027;0.49166666666666666666;0.50;1
20;"2005-03-30";20056;20028;0.51666666666666666666;0.50;0
20;"2005-05-23";20056;20029;0.54166666666666666666;0.50;0
20;"2005-11-23";20057;20029;0.35833333333333333333;0.50;1
20;"2006-01-15";20058;20030;0.11666666666666666667;0.50;1
20;"2006-03-28";20058;20031;0.24166666666666666667;0.50;1
20;"2006-05-04";20059;20031;0.55833333333333333333;0.50;0
20;"2006-10-30";20060;20031;0.65000000000000000000;0.50;0
20;"2008-01-18";20061;20031;0.55833333333333333333;0.50;0
20;"2009-02-10";20061;20032;0.32500000000000000000;0.50;1
20;"2009-03-31";20062;20032;0.80833333333333333333;0.50;0
20;"2011-01-17";20063;20033;0.74166666666666666667;0.50;0
20;"2013-01-27";20063;20034;0.20833333333333333334;0.50;1
20;"2013-03-18";20064;20034;0.56666666666666666666;0.50;0
22;"1993-01-01";22001;22001;0.52500000000000000000;0.50;0
22;"1996-06-25";22001;22002;0.15500000000000000000;0.50;1
22;"1996-07-04";22002;22002;0.49500000000000000000;0.50;1
22;"1996-12-18";22002;22002;0.49500000000000000000;0.50;1
22;"1998-01-02";22003;22002;0.49500000000000000000;0.50;1
22;"1998-07-15";22003;22003;0.41500000000000000000;0.50;1
22;"1998-07-22";22004;22003;0.37000000000000000000;0.50;1
22;"1998-12-16";22004;22003;0.37000000000000000000;0.50;1
22;"2000-12-19";22004;22003;0.37000000000000000000;0.50;1
22;"2002-07-09";22004;22004;0.35000000000000000000;0.50;1
22;"2002-07-15";22005;22004;0.50500000000000000000;0.50;0
22;"2002-12-04";22005;22004;0.50500000000000000000;0.50;0
22;"2004-08-04";22006;22004;0.50500000000000000000;0.50;0
22;"2004-12-15";22006;22004;0.50500000000000000000;0.50;0
22;"2005-04-25";22007;22004;0.50500000000000000000;0.50;0
22;"2006-06-27";22007;22005;0.37000000000000000000;0.50;1
22;"2006-09-04";22008;22005;0.40500000000000000000;0.50;1
22;"2006-11-29";22008;22005;0.40500000000000000000;0.50;1
22;"2007-01-09";22009;22005;0.50000000000000000000;0.50;0
22;"2008-11-26";22009;22005;0.50000000000000000000;0.50;0
22;"2010-07-13";22011;22006;0.59000000000000000000;0.50;0
22;"2010-11-24";22011;22006;0.59000000000000000000;0.50;0
22;"2012-11-21";22011;22006;0.59000000000000000000;0.50;0
22;"2014-01-29";22013;22007;0.55500000000000000000;0.50;0
22;"2014-11-19";22013;22007;0.55500000000000000000;0.50;0
23;"1992-10-21";23001;23001;0.50495049504950495049;0.50;0
23;"1995-04-17";23003;23002;0.56435643564356435643;0.50;0
23;"1995-11-06";23004;23002;0.59405940594059405940;0.50;0
23;"1996-12-02";23005;23002;0.40594059405940594059;0.50;1
23;"1997-03-17";23006;23002;0.40594059405940594059;0.50;1
23;"1999-03-25";23007;23003;0.52475247524752475247;0.50;0
23;"2002-01-28";23008;23003;0.45544554455445544554;0.50;1
23;"2003-03-22";23008;23004;0.46534653465346534653;0.50;1
23;"2003-04-10";23009;23004;0.59405940594059405940;0.50;0
23;"2005-04-13";23010;23004;0.59405940594059405940;0.50;0
23;"2007-03-27";23010;23005;0.65346534653465346534;0.50;0
23;"2007-04-05";23011;23005;0.59405940594059405940;0.50;0
23;"2009-06-04";23012;23005;0.49504950495049504950;0.50;1
23;"2011-03-27";23012;23006;0.55445544554455445544;0.50;0
23;"2011-04-06";23013;23006;0.55445544554455445544;0.50;0
23;"2014-03-26";23014;23006;0.51485148514851485148;0.50;0
25;"1991-12-23";25001;25001;0.26304347826086956522;0.50;1
25;"1992-06-05";25002;25001;0.40652173913043478261;0.50;1
25;"1992-07-10";25003;25001;0.30217391304347826087;0.50;1
25;"1993-04-29";25004;25001;0.24130434782608695652;0.50;1
25;"1993-09-19";25004;25002;0.16086956521739130435;0.50;1
25;"1993-10-15";25004;25002;0.16086956521739130435;0.50;1
25;"1993-10-26";25005;25002;0.65869565217391304348;0.50;0
25;"1995-05-06";25006;25002;0.65869565217391304348;0.50;0
25;"1995-12-23";25006;25002;0.65869565217391304348;0.50;0
25;"1996-02-07";25007;25002;0.65869565217391304348;0.50;0
25;"1997-09-21";25007;25003;0.41521739130434782609;0.50;1
25;"1997-10-21";25007;25003;0.41521739130434782609;0.50;1
25;"1997-11-11";25008;25003;0.56739130434782608695;0.50;0
25;"2000-06-29";25009;25003;0.43695652173913043478;0.50;1
25;"2000-12-23";25009;25003;0.43695652173913043478;0.50;1
25;"2001-10-26";25010;25004;0.56086956521739130435;0.50;0
25;"2004-04-01";25010;25005;0.49347826086956521739;0.50;1
25;"2004-05-14";25011;25005;0.49347826086956521739;0.50;1
25;"2004-07-15";25012;25005;0.46956521739130434783;0.50;1
25;"2005-11-10";25013;25006;0.33695652173913043478;0.50;1
25;"2005-12-23";25013;25006;0.33695652173913043478;0.50;1
25;"2006-05-05";25014;25006;0.53260869565217391305;0.50;0
25;"2006-07-19";25015;25006;0.53260869565217391305;0.50;0
25;"2007-08-13";25016;25006;0.33695652173913043478;0.50;1
25;"2007-11-05";25016;25007;0.36086956521739130435;0.50;1
25;"2007-11-16";25017;25007;0.52173913043478260870;0.50;0
25;"2010-08-06";25017;25007;0.52173913043478260870;0.50;0
25;"2011-11-08";25017;25008;0.51086956521739130435;0.50;0
25;"2011-11-19";25018;25008;0.51086956521739130435;0.50;0
27;"1993-01-12";27001;27001;0.66666666666666666667;0.50;0
27;"1994-03-29";27002;27001;0.56666666666666666667;0.50;0
27;"1996-02-07";27003;27001;0.41111111111111111111;0.50;1
27;"1996-11-10";27003;27002;0.11111111111111111111;0.50;1
27;"1997-02-27";27004;27002;0.54444444444444444445;0.50;0
27;"2000-06-07";27005;27002;0.50000000000000000000;0.50;0
27;"2000-10-15";27005;27003;0.15555555555555555556;0.50;1
27;"2000-11-30";27006;27003;0.60000000000000000000;0.50;0
27;"2002-12-19";27007;27003;0.54444444444444444444;0.50;0
27;"2004-04-20";27008;27003;0.54444444444444444444;0.50;0
27;"2004-10-03";27008;27004;0.41111111111111111111;0.50;1
27;"2004-12-03";27009;27004;0.54444444444444444444;0.50;0
27;"2008-09-21";27009;27005;0.38888888888888888889;0.50;1
27;"2008-11-21";27010;27005;0.55555555555555555556;0.50;0
27;"2011-12-04";27010;27006;0.17777777777777777778;0.50;1
27;"2012-02-04";27011;27006;0.55555555555555555556;0.50;0
27;"2013-03-20";27012;27006;0.57777777777777777778;0.50;0
29;"1945-11-23";29001;29001;0.87739463601532567049;0.50;0
29;"1946-01-29";29002;29001;0.81034482758620689654;0.50;0
29;"1946-06-02";29002;29002;0.80651340996168582375;0.50;0
29;"1946-06-19";29003;29002;0.80651340996168582375;0.50;0
29;"1946-11-10";29003;29003;0.76102941176470588234;0.50;0
29;"1946-12-08";29003;29003;0.76102941176470588234;0.50;0
29;"1946-12-12";29004;29003;0.16544117647058823529;0.50;1
29;"1947-01-17";29005;29003;0.86213235294117647058;0.50;0
29;"1947-05-08";29006;29003;0.55698529411764705882;0.50;0
29;"1947-10-23";29007;29003;0.68566176470588235294;0.50;0
29;"1947-11-22";29008;29003;0.56617647058823529411;0.50;0
29;"1948-07-24";29009;29003;0.68566176470588235294;0.50;0
29;"1948-09-05";29010;29003;0.68566176470588235294;0.50;0
29;"1948-09-14";29011;29003;0.69485294117647058823;0.50;0
29;"1948-11-07";29011;29003;0.69485294117647058823;0.50;0
29;"1949-10-28";29012;29003;0.69485294117647058823;0.50;0
29;"1950-02-07";29013;29003;0.52941176470588235294;0.50;0
29;"1950-07-02";29014;29003;0.52941176470588235294;0.50;0
29;"1950-07-12";29015;29003;0.69485294117647058823;0.50;0
29;"1951-03-10";29016;29003;0.69485294117647058823;0.50;0
29;"1951-06-17";29016;29004;0.82169117647058823529;0.50;0
29;"1951-08-11";29017;29004;0.64889705882352941176;0.50;0
29;"1952-01-20";29018;29004;0.64889705882352941176;0.50;0
29;"1952-03-08";29019;29004;0.64889705882352941176;0.50;0
29;"1952-05-18";29019;29004;0.64889705882352941176;0.50;0
29;"1953-01-07";29020;29004;0.64889705882352941176;0.50;0
29;"1953-06-26";29021;29004;0.64889705882352941176;0.50;0
29;"1954-01-16";29021;29004;0.64889705882352941176;0.50;0
29;"1954-06-19";29022;29004;0.64889705882352941176;0.50;0
29;"1955-02-23";29023;29004;0.64889705882352941176;0.50;0
29;"1955-06-19";29023;29004;0.64889705882352941176;0.50;0
29;"1956-01-02";29023;29005;0.46875000000000000000;0.50;1
29;"1956-01-31";29024;29005;0.32536764705882352941;0.50;1
29;"1957-06-11";29025;29005;0.32536764705882352941;0.50;1
29;"1957-11-06";29026;29005;0.63051470588235294118;0.50;0
29;"1958-05-14";29027;29005;0.29411764705882352941;0.50;1
29;"1958-06-01";29028;29005;0.63051470588235294118;0.50;0
29;"1958-06-08";29028;29005;0.63051470588235294118;0.50;0
29;"1958-11-23";29028;29006;0.97849462365591397849;0.50;0
29;"1959-01-08";29029;29006;0.88387096774193548387;0.50;0
29;"1959-04-26";29029;29006;0.88387096774193548387;0.50;0
29;"1962-04-15";29030;29006;0.83440860215053763441;0.50;0
29;"1962-05-16";29031;29006;0.71182795698924731183;0.50;0
29;"1962-09-23";29031;29006;0.71182795698924731183;0.50;0
29;"1962-11-18";29031;29007;0.56344086021505376344;0.50;0
29;"1962-12-06";29032;29007;0.53333333333333333333;0.50;0
29;"1965-09-26";29032;29007;0.53333333333333333333;0.50;0
29;"1965-12-19";29032;29007;0.53333333333333333333;0.50;0
29;"1967-03-05";29032;29008;0.49361702127659574468;0.50;1
29;"1967-04-08";29033;29008;0.49361702127659574468;0.50;1
29;"1968-05-31";29034;29008;0.40638297872340425532;0.50;1
29;"1968-06-23";29034;29009;0.60000000000000000000;0.50;0
29;"1968-07-12";29035;29009;0.73617021276595744681;0.50;0
29;"1968-09-22";29035;29009;0.73617021276595744681;0.50;0
29;"1969-04-28";29035;29009;0.73617021276595744681;0.50;0
29;"1969-06-20";29035;29009;0.73617021276595744681;0.50;0
29;"1969-06-22";29036;29009;0.79148936170212765958;0.50;0
29;"1971-09-26";29036;29009;0.79148936170212765958;0.50;0
29;"1972-07-07";29037;29009;0.79148936170212765958;0.50;0
29;"1973-03-04";29037;29010;0.49048625792811839323;0.50;1
29;"1973-04-05";29038;29010;0.53488372093023255813;0.50;0
29;"1974-04-02";29038;29010;0.53488372093023255813;0.50;0
29;"1974-05-27";29038;29010;0.53488372093023255813;0.50;0
29;"1974-05-28";29039;29010;0.62156448202959830866;0.50;0
29;"1974-09-22";29039;29010;0.62156448202959830866;0.50;0
29;"1976-08-17";29040;29010;0.55813953488372093022;0.50;0
29;"1978-04-04";29042;29011;0.56118143459915611815;0.50;0
29;"1980-09-28";29042;29011;0.56118143459915611815;0.50;0
29;"1981-05-21";29042;29011;0.56118143459915611815;0.50;0
29;"1981-05-22";29043;29011;0.21518987341772151899;0.50;1
29;"1981-06-14";29043;29012;0.56540084388185654008;0.50;0
29;"1981-06-23";29044;29012;0.65611814345991561181;0.50;0
29;"1983-09-25";29044;29012;0.65611814345991561181;0.50;0
29;"1984-07-23";29045;29012;0.56540084388185654008;0.50;0
29;"1986-03-16";29045;29013;0.35611510791366906475;0.50;1
29;"1986-03-20";29046;29013;0.49280575539568345323;0.50;1
29;"1986-09-28";29046;29013;0.49280575539568345323;0.50;1
29;"1988-05-08";29046;29013;0.49280575539568345323;0.50;1
29;"1988-05-12";29047;29013;0.58633093525179856115;0.50;0
29;"1988-06-05";29047;29014;0.70270270270270270270;0.50;0
29;"1988-06-28";29048;29014;0.46846846846846846847;0.50;1
29;"1989-09-24";29048;29014;0.46846846846846846847;0.50;1
29;"1991-05-15";29049;29014;0.46846846846846846847;0.50;1
29;"1992-04-02";29050;29014;0.46846846846846846847;0.50;1
29;"1992-09-27";29050;29014;0.46846846846846846847;0.50;1
29;"1993-03-21";29050;29015;0.09878682842287694974;0.50;1
29;"1993-03-30";29051;29015;0.81802426343154246100;0.50;0
29;"1995-05-17";29051;29015;0.81802426343154246100;0.50;0
29;"1995-05-18";29052;29015;0.81802426343154246100;0.50;0
29;"1995-09-24";29052;29015;0.81802426343154246100;0.50;0
29;"1997-05-25";29052;29016;0.42980935875216637782;0.50;1
29;"1997-06-04";29053;29017;0.56845753899480069324;0.50;0
29;"1998-09-27";29053;29017;0.56845753899480069324;0.50;0
29;"2001-09-23";29053;29017;0.56845753899480069324;0.50;0
29;"2002-05-07";29054;29017;0.42980935875216637782;0.50;1
29;"2002-05-13";29054;29017;0.42980935875216637782;0.50;1
29;"2002-06-09";29054;29018;0.05025996533795493934;0.50;1
29;"2002-06-19";29055;29018;0.68284228769497400346;0.50;0
29;"2004-09-26";29055;29018;0.68284228769497400346;0.50;0
29;"2005-05-31";29056;29018;0.68284228769497400346;0.50;0
29;"2007-05-16";29056;29018;0.68284228769497400346;0.50;0
29;"2007-05-17";29057;29019;0.67071057192374350086;0.50;0
29;"2007-06-10";29057;29020;0.58058925476603119584;0.50;0
29;"2007-06-19";29058;29020;0.58058925476603119584;0.50;0
29;"2008-09-21";29058;29020;0.58058925476603119584;0.50;0
29;"2009-06-23";29059;29020;0.58578856152512998267;0.50;0
29;"2010-11-14";29060;29020;0.54246100519930675910;0.50;0
29;"2011-09-25";29060;29020;0.54246100519930675910;0.50;0
29;"2012-05-15";29060;29020;0.54246100519930675910;0.50;0
29;"2012-05-16";29061;29020;0.34142114384748700173;0.50;1
29;"2012-06-18";29062;29020;0.33448873483535528596;0.50;1
29;"2012-07-17";29062;29021;0.53552859618717504333;0.50;0
29;"2014-03-31";29063;29021;0.50606585788561525130;0.50;0
30;"1946-12-20";30001;30001;0.52500000000000000000;0.50;0
30;"1949-11-30";30001;30002;0.42500000000000000000;0.50;1
30;"1949-12-13";30002;30002;0.57500000000000000000;0.50;0
30;"1951-09-01";30003;30003;0.62500000000000000000;0.50;0
30;"1954-11-13";30003;30004;0.56250000000000000000;0.50;0
30;"1954-11-26";30004;30004;0.56250000000000000000;0.50;0
30;"1957-07-31";30005;30004;0.56250000000000000000;0.50;0
30;"1957-11-30";30005;30005;0.48750000000000000000;0.50;1
30;"1957-12-12";30006;30005;0.51250000000000000000;0.50;0
30;"1960-11-26";30006;30006;0.42500000000000000000;0.50;1
30;"1960-12-12";30007;30006;0.57500000000000000000;0.50;0
30;"1963-11-30";30007;30007;0.56250000000000000000;0.50;0
30;"1963-12-20";30008;30007;0.56250000000000000000;0.50;0
30;"1966-11-26";30009;30008;0.55000000000000000000;0.50;0
30;"1969-11-29";30009;30009;0.53571428571428571429;0.50;0
30;"1969-12-22";30010;30009;0.53571428571428571429;0.50;0
30;"1972-02-07";30011;30009;0.53571428571428571429;0.50;0
30;"1972-11-25";30011;30010;0.36781609195402298851;0.50;1
30;"1972-12-08";30012;30010;0.63218390804597701149;0.50;0
30;"1974-09-06";30013;30010;0.63218390804597701149;0.50;0
30;"1975-11-29";30013;30011;0.36781609195402298851;0.50;1
30;"1975-12-12";30014;30011;0.63218390804597701149;0.50;0
30;"1978-11-25";30014;30012;0.55434782608695652174;0.50;0
30;"1978-12-12";30015;30012;0.55434782608695652174;0.50;0
30;"1981-11-28";30015;30013;0.51086956521739130435;0.50;0
30;"1981-12-11";30016;30013;0.51086956521739130435;0.50;0
30;"1984-07-14";30016;30014;0.37894736842105263158;0.50;1
30;"1984-07-26";30017;30014;0.60000000000000000000;0.50;0
30;"1987-08-15";30017;30015;0.58762886597938144330;0.50;0
30;"1987-08-19";30018;30015;0.58762886597938144330;0.50;0
30;"1989-08-08";30019;30015;0.58762886597938144330;0.50;0
30;"1990-09-04";30020;30015;0.58762886597938144330;0.50;0
30;"1990-10-27";30020;30016;0.28865979381443298969;0.50;1
30;"1990-11-02";30021;30016;0.70103092783505154639;0.50;0
30;"1993-11-06";30021;30017;0.50505050505050505051;0.50;0
30;"1993-11-28";30022;30017;0.50505050505050505051;0.50;0
30;"1995-06-30";30023;30018;0.50505050505050505050;0.50;0
30;"1996-02-28";30024;30019;0.50505050505050505050;0.50;0
30;"1996-10-12";30024;30020;0.37500000000000000000;0.50;1
30;"1996-12-16";30025;30020;0.50833333333333333334;0.50;0
30;"1997-12-08";30026;30020;0.50833333333333333334;0.50;0
30;"1998-08-31";30027;30020;0.36666666666666666667;0.50;1
30;"1999-11-27";30027;30021;0.32500000000000000000;0.50;1
30;"1999-12-05";30028;30021;0.49166666666666666666;0.50;1
30;"2002-07-27";30028;30022;0.43333333333333333333;0.50;1
30;"2002-08-15";30029;30022;0.45000000000000000000;0.50;1
30;"2005-09-17";30029;30023;0.42148760330578512397;0.50;1
30;"2005-10-17";30030;30023;0.42148760330578512397;0.50;1
30;"2008-11-08";30030;30024;0.36065573770491803279;0.50;1
30;"2008-11-18";30031;30024;0.47540983606557377049;0.50;1
30;"2011-11-26";30031;30025;0.48760330578512396694;0.50;1
30;"2011-12-14";30032;30025;0.48760330578512396694;0.50;1
31;"1946-05-22";31001;31001;0.50431034482758620690;0.50;0
31;"1947-04-20";31001;31001;0.50431034482758620690;0.50;0
31;"1947-04-25";31001;31002;0.28111587982832618026;0.50;1
31;"1947-05-24";31002;31002;0.62875536480686695280;0.50;0
31;"1948-05-10";31003;31002;0.62875536480686695280;0.50;0
31;"1948-10-15";31004;31002;0.28111587982832618026;0.50;1
31;"1949-02-16";31005;31003;0.71459227467811158798;0.50;0
31;"1950-06-04";31005;31003;0.71459227467811158798;0.50;0
31;"1950-06-28";31006;31003;0.56652360515021459227;0.50;0
31;"1952-10-01";31006;31004;0.51502145922746781116;0.50;0
31;"1953-04-19";31007;31005;0.42703862660944206009;0.50;1
31;"1953-04-24";31007;31005;0.42703862660944206009;0.50;1
31;"1953-05-21";31008;31005;0.42703862660944206009;0.50;1
31;"1954-12-10";31009;31005;0.07510729613733905579;0.50;1
31;"1955-05-19";31010;31006;0.39614561027837259101;0.50;1
31;"1955-11-22";31011;31007;0.63597430406852248394;0.50;0
31;"1956-07-08";31011;31007;0.63597430406852248394;0.50;0
31;"1956-12-23";31012;31007;0.63597430406852248394;0.50;0
31;"1958-02-25";31013;31007;0.63597430406852248394;0.50;0
31;"1958-05-22";31013;31008;0.61456102783725910064;0.50;0
31;"1958-06-12";31014;31008;0.61456102783725910064;0.50;0
31;"1959-06-02";31014;31008;0.61456102783725910064;0.50;0
31;"1960-07-19";31015;31008;0.61456102783725910064;0.50;0
31;"1960-11-20";31015;31009;0.63383297644539614561;0.50;0
31;"1960-12-08";31016;31009;0.63383297644539614561;0.50;0
31;"1962-06-01";31016;31009;0.63383297644539614561;0.50;0
31;"1963-11-21";31016;31010;0.60599571734475374732;0.50;0
31;"1963-12-09";31017;31010;0.60599571734475374732;0.50;0
31;"1964-11-09";31018;31010;0.60599571734475374732;0.50;0
31;"1965-07-04";31018;31010;0.60599571734475374732;0.50;0
31;"1967-01-29";31018;31011;0.56995884773662551440;0.50;0
31;"1967-02-17";31019;31011;0.56995884773662551440;0.50;0
31;"1968-07-07";31019;31011;0.56995884773662551440;0.50;0
31;"1969-12-27";31019;31012;0.59259259259259259259;0.50;0
31;"1970-01-14";31020;31012;0.59259259259259259259;0.50;0
31;"1971-06-27";31020;31012;0.59259259259259259259;0.50;0
31;"1972-07-07";31021;31012;0.59259259259259259259;0.50;0
31;"1972-12-10";31021;31013;0.55193482688391038697;0.50;0
31;"1972-12-22";31022;31013;0.55193482688391038697;0.50;0
31;"1974-07-07";31022;31013;0.55193482688391038697;0.50;0
31;"1974-12-09";31023;31013;0.55193482688391038697;0.50;0
31;"1976-12-05";31023;31014;0.48727984344422700587;0.50;1
31;"1976-12-24";31024;31014;0.48727984344422700587;0.50;1
31;"1977-07-10";31024;31014;0.48727984344422700587;0.50;1
31;"1978-12-07";31025;31014;0.48727984344422700587;0.50;1
31;"1979-10-07";31025;31015;0.48532289628180039139;0.50;1
31;"1979-11-09";31026;31015;0.48532289628180039139;0.50;1
31;"1980-06-22";31026;31016;0.55577299412915851272;0.50;0
31;"1980-07-17";31027;31016;0.55577299412915851272;0.50;0
31;"1982-11-27";31028;31016;0.55577299412915851272;0.50;0
31;"1983-06-26";31028;31016;0.55577299412915851272;0.50;0
31;"1983-12-18";31028;31017;0.48923679060665362035;0.50;1
31;"1983-12-27";31029;31017;0.50489236790606653620;0.50;0
31;"1986-07-06";31029;31018;0.59765625000000000000;0.50;0
31;"1986-07-22";31030;31018;0.58593750000000000000;0.50;0
31;"1987-11-06";31031;31018;0.58593750000000000000;0.50;0
31;"1989-06-03";31032;31018;0.58593750000000000000;0.50;0
31;"1989-07-23";31032;31018;0.58593750000000000000;0.50;0
31;"1989-08-10";31033;31018;0.58593750000000000000;0.50;0
31;"1990-02-18";31033;31019;0.53710937500000000000;0.50;0
31;"1990-02-28";31034;31019;0.53710937500000000000;0.50;0
31;"1991-11-05";31035;31019;0.53710937500000000000;0.50;0
31;"1992-07-26";31035;31019;0.53710937500000000000;0.50;0
31;"1993-07-18";31035;31020;0.43639921722113502935;0.50;1
31;"1993-08-09";31036;31020;0.47553816046966731899;0.50;1
31;"1994-04-28";31037;31020;0.30528375733855185910;0.50;1
31;"1994-06-30";31038;31020;0.59882583170254403131;0.50;0
31;"1995-07-23";31038;31020;0.59882583170254403131;0.50;0
31;"1996-01-11";31039;31020;0.59882583170254403131;0.50;0
31;"1996-10-20";31039;31021;0.51200000000000000000;0.50;0
31;"1996-11-07";31040;31021;0.47800000000000000000;0.50;1
31;"1998-01-14";31040;31022;0.47800000000000000000;0.50;1
31;"1998-07-12";31040;31022;0.47800000000000000000;0.50;1
31;"1998-07-30";31041;31022;0.47800000000000000000;0.50;1
31;"1999-01-14";31042;31022;0.55400000000000000000;0.50;0
31;"1999-10-05";31043;31023;0.71200000000000000000;0.50;0
31;"2000-04-05";31044;31024;0.63000000000000000000;0.50;0
31;"2000-06-25";31044;31025;0.55000000000000000000;0.50;0
31;"2000-12-05";31045;31025;0.56458333333333333333;0.50;0
31;"2001-04-26";31046;31025;0.56458333333333333333;0.50;0
31;"2001-07-29";31046;31025;0.56458333333333333333;0.50;0
31;"2003-11-09";31046;31026;0.57291666666666666666;0.50;0
31;"2003-11-19";31047;31026;0.57291666666666666666;0.50;0
31;"2004-07-11";31047;31026;0.57291666666666666666;0.50;0
31;"2005-09-11";31047;31027;0.68125000000000000000;0.50;0
31;"2005-09-21";31048;31027;0.68125000000000000000;0.50;0
31;"2006-09-26";31049;31027;0.68125000000000000000;0.50;0
31;"2007-07-29";31049;31027;0.68125000000000000000;0.50;0
31;"2007-09-26";31050;31027;0.68125000000000000000;0.50;0
31;"2008-09-24";31051;31027;0.68125000000000000000;0.50;0
31;"2009-08-30";31051;31028;0.29166666666666666667;0.50;1
31;"2009-09-16";31052;31028;0.66250000000000000000;0.50;0
31;"2010-06-08";31053;31028;0.64791666666666666667;0.50;0
31;"2010-07-11";31053;31028;0.64791666666666666667;0.50;0
31;"2011-09-02";31054;31028;0.64791666666666666667;0.50;0
31;"2012-12-16";31054;31029;0.12083333333333333333;0.50;1
31;"2012-12-26";31055;31029;0.67708333333333333333;0.50;0
31;"2013-07-21";31055;31029;0.67708333333333333333;0.50;0
32;"1948-05-23";32001;32001;0.63763066202090592335;0.50;0
32;"1950-01-27";32002;32001;0.60452961672473867596;0.50;0
32;"1951-07-26";32003;32001;0.54703832752613240418;0.50;0
32;"1953-06-07";32003;32002;0.45423728813559322034;0.50;1
32;"1953-07-16";32004;32002;0.44576271186440677966;0.50;1
32;"1953-08-17";32005;32002;0.44576271186440677966;0.50;1
32;"1954-01-18";32006;32002;0.44576271186440677966;0.50;1
32;"1954-02-10";32007;32002;0.50000000000000000000;0.50;0
32;"1955-07-06";32008;32002;0.50000000000000000000;0.50;0
32;"1957-05-19";32009;32002;0.44576271186440677966;0.50;1
32;"1958-05-25";32009;32003;0.45805369127516778523;0.50;1
32;"1958-07-01";32010;32003;0.49496644295302013422;0.50;1
32;"1959-02-15";32011;32003;0.45805369127516778523;0.50;1
32;"1960-03-25";32012;32003;0.45805369127516778523;0.50;1
32;"1960-07-26";32013;32003;0.45805369127516778523;0.50;1
32;"1962-02-21";32014;32003;0.50503355704697986576;0.50;0
32;"1963-04-28";32014;32004;0.47460317460317460317;0.50;1
32;"1963-06-21";32015;32004;0.41269841269841269841;0.50;1
32;"1963-12-04";32016;32004;0.61269841269841269841;0.50;0
32;"1968-05-19";32016;32005;0.43650793650793650793;0.50;1
32;"1968-06-24";32017;32005;0.42222222222222222222;0.50;1
32;"1968-12-12";32018;32005;0.58095238095238095237;0.50;0
32;"1969-08-05";32019;32005;0.42222222222222222222;0.50;1
32;"1970-03-27";32020;32005;0.58095238095238095237;0.50;0
32;"1970-08-06";32021;32005;0.58095238095238095237;0.50;0
32;"1971-02-27";32022;32005;0.56666666666666666666;0.50;0
32;"1972-02-17";32023;32005;0.42222222222222222222;0.50;1
32;"1972-05-07";32023;32006;0.42222222222222222222;0.50;1
32;"1972-07-26";32024;32006;0.50000000000000000000;0.50;0
32;"1973-07-07";32025;32006;0.58888888888888888889;0.50;0
32;"1974-03-14";32026;32006;0.56507936507936507937;0.50;0
32;"1974-11-23";32027;32006;0.44603174603174603174;0.50;1
32;"1976-02-12";32028;32006;0.42222222222222222222;0.50;1
32;"1976-06-20";32028;32007;0.41587301587301587302;0.50;1
32;"1976-07-29";32029;32007;0.41587301587301587302;0.50;1
32;"1979-03-20";32030;32007;0.46190476190476190476;0.50;1
32;"1979-06-03";32030;32008;0.47301587301587301588;0.50;1
32;"1979-08-04";32031;32008;0.46190476190476190476;0.50;1
32;"1980-04-04";32032;32008;0.53968253968253968255;0.50;0
32;"1980-10-18";32033;32008;0.57142857142857142858;0.50;0
32;"1981-06-28";32034;32008;0.58571428571428571429;0.50;0
32;"1982-12-01";32035;32008;0.56031746031746031746;0.50;0
32;"1983-06-26";32035;32009;0.53492063492063492065;0.50;0
32;"1983-08-04";32036;32009;0.58095238095238095240;0.50;0
32;"1987-04-17";32037;32009;0.35714285714285714286;0.50;1
32;"1987-06-14";32037;32010;0.37142857142857142857;0.50;1
32;"1987-07-28";32038;32010;0.59841269841269841270;0.50;0
32;"1988-04-13";32039;32010;0.59841269841269841270;0.50;0
32;"1989-07-22";32040;32010;0.59841269841269841270;0.50;0
32;"1991-04-12";32041;32010;0.56507936507936507937;0.50;0
32;"1992-04-05";32041;32011;0.52539682539682539684;0.50;0
32;"1992-06-28";32042;32011;0.52539682539682539684;0.50;0
32;"1993-04-29";32043;32011;0.66825396825396825398;0.50;0
32;"1993-05-07";32044;32011;0.52539682539682539684;0.50;0
32;"1994-03-27";32044;32012;0.04603174603174603175;0.50;1
32;"1994-05-10";32045;32012;0.58095238095238095238;0.50;0
32;"1996-05-17";32047;32013;0.42222222222222222222;0.50;1
32;"1998-10-21";32048;32013;0.42222222222222222222;0.50;1
32;"1999-12-22";32049;32013;0.42222222222222222222;0.50;1
32;"2000-04-25";32050;32013;0.42222222222222222222;0.50;1
32;"2001-05-13";32050;32014;0.33968253968253968254;0.50;1
32;"2001-06-11";32051;32014;0.58412698412698412699;0.50;0
32;"2005-04-23";32052;32014;0.58412698412698412699;0.50;0
32;"2006-04-09";32052;32015;0.33650793650793650793;0.50;1
32;"2006-05-19";32053;32015;0.50952380952380952382;0.50;0
32;"2008-04-13";32053;32016;0.04603174603174603175;0.50;1
32;"2008-05-08";32054;32016;0.53333333333333333334;0.50;0
32;"2013-04-28";32056;32017;0.70158730158730158730;0.50;0
32;"2013-11-15";32057;32018;0.58253968253968253968;0.50;0
32;"2014-02-22";32058;32018;0.58253968253968253968;0.50;0
